#{"t_start": 1787506617.0303073, "env_id": "Ant-v5"}
r,l,t
-41.261057,35,2.909968
-77.483613,87,3.052116
-85.641536,93,3.201742
-62.864105,84,3.33843
-112.870215,55,3.428027
-1014.008547,1000,5.086864
-39.813007,19,5.117983
-26.008442,20,5.151242
-35.754271,30,5.200334
-15.796892,25,5.24149
-18.239192,15,5.266822
-14.24598,9,5.281703
-16.062636,17,5.309904
1.055756,13,5.331273
-12.774888,20,5.364182
-62.739271,64,5.469587
-38.100719,50,5.551852
-22.845436,12,5.571447
-53.678977,58,5.666467
-35.045477,42,5.734732
-1090.092365,1000,15.730675
-129.561116,50,15.813753
5.007097,29,15.861561
-23.584966,27,15.90631
-118.604584,98,16.068823
-13.90881,20,16.102177
-109.48448,52,16.188314
-69.352132,40,16.254796
-26.508835,12,16.274858
-19.407969,33,16.329232
-22.491454,15,16.354349
-43.136325,44,16.427226
-81.804353,74,16.548694
-26.377856,17,16.577076
-89.026068,99,16.739326
-37.123876,27,16.78319
-137.346949,110,16.963727
-58.593715,47,17.04126
-9.983537,15,17.065795
-17.858623,19,17.096773
-14.260712,20,17.129538
-14.784092,14,17.153463
-22.838576,21,17.188066
-30.407746,30,17.237121
-164.263508,118,17.431466
-1103.398408,1000,20.034463
-20.396976,15,20.059715
-16.235549,24,20.099355
-34.660347,27,20.143882
-49.195019,48,20.222552
-89.504692,64,20.32906
-73.332362,66,27.405069
-1017.292214,1000,29.134779
-22.388579,16,29.163271
-954.193771,1000,31.651871
-36.538693,44,31.725407
-24.614349,31,31.776953
-30.79433,25,31.818743
-13.11451,13,31.840551
-25.363985,45,31.914749
-104.512426,114,32.105647
-68.319109,48,32.185132
-69.329063,31,32.236715
-17.484433,13,32.258346
-55.476549,50,32.341524
-50.404728,37,32.403566
-1046.983271,1000,41.765717
-72.144771,54,41.855289
-53.724687,36,41.915282
-128.442999,137,42.144254
-12.961982,32,42.197515
-8.028031,13,42.219308
-1040.123815,1000,43.901616
-27.733409,37,43.963688
-38.145674,42,44.034418
-35.95703,24,44.074083
-140.777742,149,51.248558
-58.657074,30,51.298782
-17.82881,13,51.320359
-60.313823,57,51.414672
-26.196729,24,51.454504
-126.426183,96,51.612709
-111.187878,157,52.63702
-66.436169,32,52.690958
-114.710487,137,52.919362
-50.812521,34,52.975979
-15.916815,12,52.996077
-63.211577,70,53.11365
-42.300724,48,53.194252
-11.638263,14,53.217507
-16.607627,13,53.239026
-31.682752,32,53.292385
-149.451682,132,53.512596
-41.498522,36,53.57223
-131.117336,190,53.886544
-6.726627,31,53.937382
-37.106601,47,54.014164
-994.213574,1000,55.694802
-101.489159,105,56.812198
-57.198993,49,56.893445
-25.660563,20,56.927328
-12.566064,12,56.947596
-17.1163,36,57.007671
-69.647206,67,63.984148
-14.065459,37,64.046526
-25.067078,36,64.108573
-5.837429,26,64.1524
-42.44361,54,64.242726
-25.894811,27,64.287461
-23.912886,26,64.330814
-1019.988682,1000,66.007005
-30.499203,28,66.053922
-7.474302,14,66.077266
-48.747063,32,66.13016
-100.071271,107,66.306871
-62.3774,72,66.425882
-48.440258,52,66.512138
-173.578942,204,66.852381
-35.581145,64,66.958666
-30.381207,33,67.013847
-37.952811,52,68.04648
-165.728111,199,68.38115
-20.461721,29,68.429943
-19.994997,30,68.48049
-40.543539,34,68.537205
-50.634835,32,68.591073
-15.188187,14,68.614554
-72.876921,88,68.762006
-23.160837,27,68.806911
-9.719842,15,68.832036
-86.446819,55,68.924098
-19.286398,13,68.945875
-54.09381,40,69.012985
-284.280811,329,76.38201
-13.3874,12,76.401885
-36.639112,34,76.457978
-99.465239,60,76.557637
-65.59988,102,76.726484
-6.21565,51,76.811594
-11.992209,39,76.876262
-36.890712,30,76.926024
-1029.406665,1000,79.621006
-49.930573,30,79.671416
-40.462849,64,79.7783
0.018914,17,79.807099
-67.814211,65,79.91546
-13.634733,44,79.988461
-50.354578,35,80.047732
-14.2553,31,80.099607
-95.245766,109,80.282194
22.372495,48,80.361974
-22.119228,16,80.388572
-43.036671,27,80.434145
-59.678617,61,80.535791
-49.164483,50,80.619066
-25.389338,25,80.660947
-24.538675,26,80.704321
-87.864386,99,80.868536
-47.220851,29,80.916739
-89.34125,103,81.0888
-912.351429,1000,90.602569
1.044582,20,90.636588
-42.782994,36,90.696731
-15.457009,17,90.725043
-14.981692,37,90.787693
-58.058476,72,90.908981
-17.835958,15,90.934496
-16.660558,14,90.958821
-44.062737,52,91.046778
-21.360931,23,91.085451
-9.993108,14,91.109083
-20.095924,45,91.185854
-37.670631,34,91.243472
-11.86561,36,91.304017
-28.530483,56,91.398662
-103.33193,75,91.525735
-85.95516,74,91.650651
-19.90214,28,91.697923
-35.228814,37,91.760863
-73.631211,46,91.838031
-5.355671,15,91.86327
-8.40661,30,91.914082
-58.956234,93,92.072534
-106.363616,129,92.291892
-57.284259,38,92.356477
-23.62117,14,92.380266
-4.906001,18,92.41101
-14.606338,18,92.441406
-39.643395,43,92.51366
-35.165312,29,92.563605
-40.463089,25,92.607604
-60.184547,75,92.735468
-2.238268,38,92.799599
-46.025737,62,92.904042
-11.942007,30,92.954612
-28.53721,87,93.101962
-14.304863,16,93.128974
-10.89182,25,93.17105
-28.905361,43,100.084249
-12.532492,19,100.115456
-40.319691,37,100.17782
6.236387,22,100.216298
-9.521857,29,100.264359
-62.723135,47,100.342636
3.588163,43,100.413526
18.500925,30,100.463439
-69.716048,80,100.59509
-19.670268,19,100.626485
-7.339783,11,100.644542
-58.214247,53,100.733275
-21.609582,18,100.763303
-11.667408,21,100.800182
-72.89454,71,101.871162
-130.289941,128,102.086022
-68.014554,100,102.251898
-5.947658,51,102.337226
-73.723993,96,102.497677
-30.222165,137,102.725634
-44.924975,55,102.817119
-71.988795,69,102.93339
-17.442522,29,102.981648
-26.398424,37,103.043655
-3.315186,8,103.057054
-48.617923,39,103.123176
-16.91125,60,103.222954
-49.86784,28,103.269676
-28.40452,44,103.343303
4.514754,25,103.384844
-39.435716,69,103.500228
-89.466409,73,103.621665
-106.390817,90,103.771375
-40.415573,40,103.838052
-33.022918,19,103.869483
-909.721918,1000,112.501242
-55.491992,54,112.593317
-94.221261,65,112.703506
-9.487299,33,112.759379
-66.828947,101,112.930556
-12.463621,11,112.949291
-67.084097,69,113.066575
-15.819981,35,113.125337
0.116339,29,113.174279
-21.275173,14,113.19791
-241.450904,162,113.469168
-65.462248,42,113.538363
-9.350217,14,113.56168
-32.668958,43,113.6339
-8.410886,15,113.65885
-5.191986,55,113.750837
-15.685725,16,113.777421
-29.924477,28,113.824006
-3.430813,13,113.846049
-42.563376,36,113.906291
-43.438617,80,114.040009
-3.783787,53,114.12826
-935.814951,1000,116.599662
-104.5667,75,116.725355
-48.181809,49,116.806763
-26.875073,22,116.843224
-13.233399,8,116.856363
-59.478546,83,116.995983
-22.577713,67,123.582411
-18.916509,28,123.629682
2.494839,30,123.679748
-13.202835,13,123.701816
-60.629623,59,123.80106
-16.060401,12,123.821171
-9.626489,29,123.869843
-33.219122,20,123.903233
-879.994999,1000,125.586039
-60.460198,45,125.661246
-16.211337,32,125.713841
-17.617577,51,125.798123
-78.555282,63,125.90166
-59.316544,44,125.974476
-43.678397,72,126.095814
-73.41255,89,126.245402
-54.721356,71,127.132805
-7.349608,13,127.1543
-1.648369,39,127.220156
-41.233973,67,127.332448
-19.994029,29,127.381293
-122.897489,109,127.564799
-843.045978,1000,135.192002
-42.664468,107,135.374701
-20.421502,25,135.417097
-26.959413,63,135.52486
-17.515945,27,135.571161
-26.397785,54,135.663242
0.546252,12,135.683644
-13.419913,12,135.703922
-24.685254,31,135.756999
-81.58652,63,135.863684
-19.72186,22,135.900949
-9.462167,16,135.928519
-16.754014,26,135.972621
-58.902464,47,136.051345
-108.205015,70,136.169698
-15.911096,24,136.209956
-26.537254,20,136.243309
-143.507471,80,136.377027
-48.28093,31,136.42871
-10.426728,14,136.45207
-4.726046,21,137.44522
-8.821774,17,137.473333
-39.79785,37,137.535088
-98.546126,88,137.682477
-107.55208,136,137.909652
-23.387028,15,137.93479
-32.646812,25,137.977092
-9.921113,29,138.025863
-814.816564,1000,146.339764
-14.113427,16,146.367007
-31.184142,23,146.405778
-8.488041,9,146.420796
-31.637953,34,146.477966
-120.82908,126,146.690399
-16.273957,17,146.719257
-45.839582,37,146.781304
-5.92301,24,146.822019
-20.464474,38,146.886515
-28.792427,33,146.941664
-102.262076,40,147.008396
-33.091479,45,147.084409
-9.030587,31,147.136584
-12.528429,10,147.153486
-21.943853,28,147.201048
-34.433054,25,147.243399
-930.734902,1000,149.886258
-85.80206,41,149.955215
-21.889992,25,149.996851
-82.001528,241,150.402009
-62.173602,57,150.497517
-1.195647,13,150.519876
-149.272958,117,150.715861
-853.218033,1000,159.311823
-3.275738,23,159.350518
-3.512739,12,159.370515
-900.44993,1000,161.065454
-24.845773,32,161.119733
-35.372332,31,161.172635
-88.60282,90,161.323717
-885.593355,1000,169.413636
-32.744227,23,169.452818
-11.747454,41,169.522159
-11.59896,14,169.546092
-11.004358,15,169.572011
-19.167306,45,169.648168
-13.505846,11,169.666802
-102.27767,91,169.82116
-2.834911,25,169.863502
-835.382686,1000,171.574215
-4.286496,11,171.593619
-80.801484,46,171.671597
-170.802442,174,171.967763
-19.845144,30,172.019026
-40.252816,62,172.123768
-11.365004,41,173.135533
-9.190117,25,173.177358
-10.42801,11,173.195839
-892.414878,1000,178.700158
-28.962346,33,178.755752
-60.553053,71,178.874228
0.430971,33,178.929869
2.074823,21,178.965076
-39.652835,41,179.033404
-179.02414,161,179.3053
-49.091734,33,179.360657
-14.344696,15,179.385649
-20.593664,57,179.482348
-16.096257,13,179.504631
-18.664615,33,179.560217
-33.896898,38,179.62433
-13.846181,16,179.651514
-43.564798,27,179.698085
-11.804015,13,179.720273
-20.594091,13,179.742429
-5.435236,15,179.768176
-39.003374,58,179.866225
-6.290291,28,179.914587
-100.214416,137,180.146708
-24.031611,60,180.248826
-19.473297,37,180.311978
-59.206026,53,181.195333
-11.087314,20,181.22922
-18.212166,29,181.278631
-63.91821,61,181.382578
-16.419174,15,181.408134
-63.67821,73,181.53573
10.7008,40,181.603491
-11.817449,72,181.725537
-6.939593,17,181.754333
-13.488263,36,181.81442
-30.031983,21,181.849512
-89.2291,124,182.05759
-17.690432,25,182.099487
-103.840374,94,182.25683
-155.118489,137,182.486725
-9.871207,33,182.541853
-708.877058,777,186.584136
-49.633231,70,186.703003
-13.647432,30,186.754096
-30.184747,32,186.808606
-37.837131,48,186.890104
4.057244,15,186.915563
-33.630411,27,186.961358
-2.693701,18,186.992483
-50.437537,35,187.052638
-17.658762,23,187.091841
-38.778232,44,187.166796
-25.074475,51,187.253678
-41.798673,52,187.342046
-67.5024,37,188.171243
-18.351363,18,188.202153
-126.749431,106,188.381545
-84.482222,53,188.472245
-158.76862,170,188.761709
-55.59031,57,188.858041
14.632343,38,188.921886
-23.825624,54,189.01369
-22.744956,22,189.050413
-139.227221,144,189.292619
-61.279486,74,189.417815
-20.765339,79,189.551263
-829.433121,1000,195.447819
-26.143339,26,195.492282
1.377131,37,195.554492
-881.069276,1000,198.026053
-58.137439,104,198.202073
-24.208431,34,198.259238
-32.105075,25,198.301391
-7.458293,15,198.326829
-22.711094,52,198.41404
-25.586577,17,198.442471
-28.933122,23,198.481201
-34.552504,50,198.565161
-35.429652,80,198.699241
-8.216461,29,198.748538
-748.878016,1000,202.797099
1.765848,19,202.829253
-39.892174,31,202.881702
-819.66092,1000,204.581619
-8.123664,12,204.602223
10.083975,58,204.701124
-67.946709,63,204.808324
-130.041601,153,205.068967
-55.783199,153,205.327533
-15.052334,39,205.393175
-140.054868,265,205.841983
-51.654328,41,206.840602
-27.252339,34,206.897501
-73.462657,65,207.00715
-117.524085,121,207.212622
-2.862828,25,207.256201
-64.9222,72,207.377124
-5.784859,29,207.42602
-3.863145,17,207.455363
-55.975669,43,210.148481
-44.43583,47,210.228001
20.445553,62,210.332103
-4.199118,18,210.36244
-2.564386,33,210.418116
-39.400296,32,210.472154
-112.377575,111,210.65963
20.939753,102,210.831394
-66.975043,37,210.893805
-15.501987,52,210.980359
5.98202,24,211.020544
-6.283239,32,211.074437
-47.099685,22,211.111775
-6.752733,9,211.126757
-4.606307,18,211.157435
-66.515257,73,211.280294
-13.055527,18,211.310992
-32.810396,33,211.366656
-46.509319,40,211.433828
-809.306633,1000,213.899646
-23.582636,21,213.935033
-19.160272,18,213.965284
-8.667336,33,214.020995
-37.184161,36,214.080895
-15.877856,59,214.179398
-25.191041,26,214.22273
-7.485592,14,214.246038
-17.868522,50,214.3289
-20.484324,31,214.381123
-10.776164,36,214.44132
-29.313606,60,214.541975
-22.41929,63,214.648513
-25.95946,63,214.755449
-33.75607,36,214.815912
-55.277089,52,214.903548
5.399591,24,214.944503
-1.755164,23,214.983538
-786.853112,1000,219.771608
-701.652187,1000,222.235055
-13.052873,13,222.257539
25.437653,60,222.358266
-3.996253,14,222.381753
-5.784983,20,222.415167
-0.437209,18,222.446006
-27.450177,62,222.550725
-38.624406,43,222.62319
-34.118984,42,222.694262
-35.626963,25,222.736181
-44.920725,34,222.793745
-86.58187,85,222.937654
-10.060484,14,222.961095
-9.902923,39,223.026128
-45.59537,78,223.157795
-2.581219,34,226.492702
-7.223172,60,226.594582
-0.545843,24,226.63522
-51.662392,49,226.717633
0.722351,16,226.744427
-38.83032,53,226.832693
-1.420024,25,226.874687
-16.933811,79,227.007345
-40.848795,61,227.109562
0.181358,30,227.160158
-1.405132,9,227.175361
-29.521262,23,227.213745
-0.996163,23,227.252507
-11.235947,15,227.277617
-11.273726,33,227.333652
-14.400471,17,227.362471
-9.735044,16,227.389307
-16.899527,50,227.473004
-30.515968,58,227.570714
-64.538787,94,228.498007
-8.440679,62,228.602393
2.725927,13,228.624325
-21.858997,20,228.657617
-9.541544,24,228.698064
-6.540244,45,228.773108
-56.445374,45,228.847827
-37.118166,74,228.972869
-14.474986,17,229.001332
-751.170454,1000,230.683971
-24.325432,44,230.757572
-37.005692,50,230.840355
-18.437091,20,230.87334
-19.731836,13,230.894441
-16.121627,23,230.932408
-5.61964,31,230.984314
-8.517269,23,231.022159
-30.799729,47,231.099892
-25.089911,34,231.157224
-8.536702,18,231.187785
-24.826389,30,231.23723
-22.794662,30,231.287469
-54.841309,29,231.33585
-7.340948,26,231.379699
-44.009334,95,233.683954
-19.467437,53,233.772086
-31.088466,57,233.866985
-20.687395,19,233.898331
-17.267942,38,233.961354
-20.552984,32,234.014755
-4.051636,68,234.89555
-10.402405,25,234.937209
48.527288,49,235.018738
-71.831421,85,235.161173
-11.716629,23,235.200144
-3.591675,34,235.257109
-10.251921,85,235.398805
3.09421,46,235.476149
-40.794377,56,235.569882
-11.562557,31,235.62221
-1.696299,32,235.675905
-26.172253,85,235.818409
-53.575808,117,236.013273
-110.235574,74,236.136614
-668.025668,1000,237.811308
-27.802293,50,237.89432
-87.749392,125,238.10058
-796.485456,1000,243.340381
-506.830211,639,244.40907
3.360874,17,244.437477
3.400628,49,244.519427
-71.972624,63,244.624809
-25.886421,40,244.691755
-10.034415,40,244.759146
-26.897498,28,244.805711
-9.643378,11,244.82429
-40.443212,48,244.904125
-13.190888,13,244.92618
-17.406889,15,244.951369
-65.614963,51,245.036226
3.727042,42,245.106441
-37.909557,108,246.142362
-2.616613,90,246.292547
-9.322297,42,246.363443
-25.389366,41,246.431564
-8.63179,25,246.473264
-24.134904,42,246.543887
-42.610541,50,246.627381
-15.226669,25,246.669277
-22.341971,16,246.695939
-7.112307,10,246.71253
-7.771048,13,246.734271
-7.75195,12,246.75496
-32.625745,38,246.818398
-77.523988,96,246.977891
-50.426261,72,247.097331
4.233813,21,249.89984
-8.729004,14,249.924298
-21.103358,24,249.964631
-4.249897,15,249.989603
-81.767835,155,250.248957
-2.357773,17,250.277205
-7.042156,17,250.305507
4.526491,14,250.328695
-8.00673,20,250.361908
-27.092682,83,250.500255
-9.649808,21,250.534895
-12.108691,43,250.606511
-6.915032,14,250.629372
-40.093563,64,250.735266
-16.259784,20,250.768296
-56.685451,58,250.865175
-16.842224,28,250.911475
-8.769209,13,250.9333
-5.140265,12,250.953238
-25.062822,75,251.077947
5.997953,23,251.115937
-702.408167,1000,253.615078
-32.84847,44,253.687825
-105.426256,116,253.879261
3.99071,40,253.945377
17.737129,53,254.03249
-17.11134,25,254.074255
-13.966495,21,254.108801
-14.186552,28,254.15468
14.826191,71,254.271617
-23.102329,77,254.399252
-19.978576,133,254.618959
-14.8183,22,254.655576
-10.991466,17,254.683613
-6.706685,41,254.751102
-738.185415,1000,257.242542
4.748115,35,257.301289
-21.489033,38,258.129271
17.504159,22,258.165831
-9.250919,31,258.217708
8.056298,28,258.264097
7.184414,27,258.309639
-8.272434,19,258.341395
-23.636349,51,258.426153
-3.931334,33,258.48171
-116.320837,147,258.727402
-3.178475,16,258.753873
-10.186026,16,258.780538
-44.677962,42,258.849839
-21.511113,18,258.879629
17.40089,54,258.969382
5.216591,28,259.015365
-48.015228,45,259.089249
-12.135399,20,259.122744
-6.704657,39,259.187048
-16.057072,101,259.353443
-5.188323,16,259.3796
-2.202728,26,259.422271
-16.479589,33,259.476526
-71.518238,130,259.689596
-34.940135,44,259.762137
-87.453274,168,260.038447
-10.632466,16,260.064779
-19.220312,33,260.119474
-11.368959,17,260.148064
-1.761991,14,260.17143
-2.851514,35,260.230634
-14.409989,44,260.303346
0.289562,11,260.322085
11.9069,41,260.390745
-14.157916,96,260.551641
-58.254199,75,262.072518
-1.895751,13,262.094046
-14.233453,14,262.117183
-12.037583,25,262.158831
-16.716826,19,262.190591
2.950387,14,262.213796
-2.692547,14,262.236953
-7.812632,64,262.34342
3.547685,19,262.375585
-14.013482,18,262.405557
-24.071981,49,262.487282
-1.078137,10,262.503906
42.213999,72,262.624966
-6.321205,15,262.650154
-2.407591,13,262.672044
-18.195854,24,262.712444
-46.303881,36,262.773443
-21.666544,50,262.857322
-28.852538,54,263.715192
-22.048282,24,263.755642
-12.706785,14,263.780115
-10.131426,63,263.885902
-1.825716,20,263.919357
-13.68709,30,263.969719
-12.404864,21,264.004845
-99.116807,85,264.146121
-28.469435,32,264.199678
-15.882143,14,264.222741
-14.362767,23,264.260668
-12.190973,14,264.28362
-17.511019,52,264.369882
-19.380519,29,264.418235
-8.950309,73,264.53883
-19.781465,16,264.565495
3.423254,20,264.59908
0.968564,18,264.628865
1.774555,11,264.647189
7.852791,28,264.693908
-22.653597,21,264.7288
-14.01528,26,264.771846
-5.211237,33,264.826435
-39.03827,22,264.862358
-20.721012,31,264.913536
-13.287807,38,264.976403
-15.036826,16,265.003811
-27.785023,83,265.141565
-9.980223,26,265.184913
-2.113206,30,265.235303
-51.604221,131,265.451644
-19.56829,22,265.488073
-56.309885,50,265.570856
-23.167061,37,265.632592
-43.277009,31,265.683577
-43.235108,85,265.825345
-23.422971,45,265.900288
-14.373231,18,265.930413
0.239493,20,265.963686
-5.60353,22,266.00068
-12.946507,22,266.037266
-22.693436,17,266.065707
1.514836,32,266.119207
-13.781334,15,266.144297
-27.615978,63,266.249574
0.61518,20,266.282965
-3.20784,29,266.331274
-27.944082,14,266.354748
3.231261,71,266.474159
-18.449566,45,266.548729
-3.683077,25,266.590122
-34.444809,47,266.668582
-20.764277,90,266.818161
-9.794345,30,266.867893
-24.535438,59,267.968646
4.058104,31,268.021175
10.00415,29,268.06933
-16.406038,16,268.862995
-14.835334,20,268.896127
-10.550638,10,268.912755
-2.962022,7,268.924435
2.270431,74,269.047431
-15.113755,14,269.070749
-17.058144,22,269.107022
-12.238749,68,269.219282
-8.804945,13,269.241118
-74.456099,105,269.414077
3.513034,14,269.437514
-19.84156,94,269.59317
-115.795237,89,269.740531
-46.242697,86,269.882904
6.470965,24,269.922757
-19.1196,80,270.05546
-631.881579,1000,271.736201
-23.393508,33,271.791812
-34.312833,56,271.886604
1.267518,19,271.918501
14.307131,23,271.957249
-44.210621,76,272.085427
-30.546153,62,272.190139
-10.640353,18,272.21993
-33.26765,30,272.270016
6.611821,35,273.093742
-2.270628,16,273.120588
-6.456492,11,273.139024
-1.134683,25,273.180882
-7.457962,14,273.204405
-53.441427,57,273.299314
-3.415792,12,273.319147
-2.305527,42,273.388663
-122.898908,74,273.511766
-6.540247,10,273.528647
-12.679299,11,273.546662
-17.614841,67,273.658017
-29.663407,37,275.306741
-9.095173,30,275.355812
-231.792748,141,275.587243
-19.840322,20,275.620277
-11.769779,28,275.666411
27.448679,172,275.949558
1.19252,79,276.079013
-21.492166,42,276.148448
-29.553595,21,276.183179
-17.756125,27,276.227485
-8.813662,13,276.2492
-14.081683,30,276.298629
-9.369725,14,276.321745
-23.625782,22,276.358657
-24.54714,37,276.419859
-125.987637,105,276.595504
-6.146133,75,276.720349
-16.321764,59,276.818836
-7.35634,14,276.842384
24.118944,41,276.911291
-47.219133,55,277.003605
-668.614545,1000,279.441083
-7.00013,18,279.470968
-8.930629,13,279.49223
-21.177824,28,279.538532
-46.217456,84,279.677199
-52.117019,66,279.78618
6.394963,95,279.943065
14.900113,63,280.0475
-13.289257,14,280.07081
-35.779606,83,280.603056
-13.304863,18,280.632944
19.674905,54,280.722278
-23.400228,38,280.78542
-643.96993,1000,282.471777
-37.182056,111,283.420533
-27.145604,18,283.451063
-5.809597,31,283.502958
-6.581641,13,283.524798
6.737761,51,283.60955
-39.161084,81,283.743764
4.673858,26,283.786941
-0.578646,15,283.811874
-24.75875,43,283.882958
-84.324297,89,284.030194
1.045548,15,284.055377
-146.144464,116,284.247232
5.78262,26,284.29004
0.360927,35,284.347846
-7.91936,17,284.375719
-52.98535,79,284.50672
-648.37582,1000,286.520078
-11.829563,13,286.54159
-26.997236,38,286.604263
-8.430663,35,286.661284
-28.968249,94,286.816284
-9.928329,46,286.89185
-6.722853,19,286.923003
-0.567064,18,286.952913
-586.57052,1000,289.399366
-15.827509,19,289.430994
-13.416333,17,289.45906
-7.682758,16,289.485846
-65.459163,56,289.579297
-25.575987,22,289.616102
-16.604836,46,289.693615
-5.096222,42,289.764599
-10.507636,48,289.845271
0.332867,40,289.912384
-19.985285,22,289.949015
7.322738,17,289.977532
-7.440781,17,290.00563
-18.435582,37,290.066955
-22.703265,64,290.173571
-42.160665,49,290.254628
-2.966647,20,290.28764
-65.818444,43,290.35879
-60.58801,58,290.454605
-1.258417,15,290.479736
-6.427536,10,290.496229
-9.839106,24,290.536422
-59.783237,88,290.681154
-517.652239,691,293.945485
-10.972814,23,293.984684
3.192992,30,294.035002
-77.820385,91,294.18854
-25.072697,96,294.349931
-32.451739,123,294.555005
-33.800925,70,294.671814
8.407581,13,294.693456
-84.251433,36,294.753402
-5.979793,19,294.785814
-1.913986,41,294.855258
-16.294261,57,294.950475
-81.048857,66,295.06065
13.064729,26,295.104057
10.179211,22,295.140819
-5.908843,14,295.164418
-33.322154,79,295.296261
-0.133284,43,295.368083
-18.255676,37,295.429643
-5.978298,21,295.464625
2.845655,28,295.511488
-44.426504,52,295.597625
-68.068353,87,295.741637
-23.42239,37,295.804015
1.924234,14,295.827316
-11.29315,52,295.913829
-12.432798,14,295.937327
-16.791149,14,295.960789
-15.481762,14,295.984734
-23.042616,24,296.025414
-85.609249,100,296.193629
-7.421746,23,296.232201
-32.406407,76,296.358689
11.575884,15,296.384001
-58.058144,94,296.540531
-20.274781,17,296.568824
-4.128866,42,296.639372
-19.241462,13,296.661196
-7.473029,16,296.687959
23.349218,38,296.751278
5.423455,18,296.781286
-0.905746,14,296.805218
-0.070676,38,296.868612
13.363786,44,297.706294
11.302466,22,297.742557
25.492846,48,297.823349
-43.557258,49,299.602726
-8.287593,19,299.63455
-46.464343,64,299.740863
-20.464283,59,299.839697
-4.996085,40,299.905793
-26.325531,30,299.955404
1.232027,16,299.981724
-22.330146,71,300.098904
-16.710134,60,300.197831
2.30832,26,300.24062
2.062216,12,300.260664
-14.877788,69,300.37411
-57.623728,50,300.457264
9.969681,17,300.485376
-22.23552,61,300.585787
1.250121,19,300.617196
1.185303,38,300.680659
14.067286,46,300.756702
-4.095198,9,300.771493
-40.349228,37,300.833233
-23.634077,141,301.067633
-96.409083,141,301.301488
-31.62732,44,301.373927
-21.118715,20,301.407062
-19.061807,18,301.436702
-45.631693,76,301.562711
-7.260442,31,301.61391
-8.423731,48,301.693653
-16.869803,13,301.715292
-15.801758,19,301.746798
-19.173764,40,301.812754
-21.866711,44,301.886169
-19.040025,20,301.919136
-12.728544,13,301.94052
-8.626839,36,301.99971
13.203355,37,302.060834
-59.855456,54,302.149946
-0.406423,38,302.21209
-21.264771,27,302.256464
11.619888,35,302.314901
-57.539144,34,302.370417
21.541441,48,302.449338
-2.642493,12,302.469116
-51.632374,34,302.525059
-15.798444,21,302.5601
2.191847,41,302.627146
-15.656264,17,302.654952
-11.972605,13,302.676741
-10.641592,19,302.707943
-1.124955,19,303.52319
1.456873,17,303.550888
8.554635,27,303.595188
-10.085937,16,303.621491
-9.001996,13,303.643166
-2.665175,15,303.668114
-5.005784,21,303.703269
-10.778896,16,303.729732
-23.546014,21,303.764627
9.305235,41,303.83235
4.577817,21,303.867119
0.189025,40,303.933256
-5.618474,25,303.974698
-39.45444,64,304.080249
-6.975076,9,304.095722
-38.961173,44,304.170689
-32.615768,17,304.198937
4.690078,32,304.251946
1.279308,24,304.291963
-16.486364,16,304.318667
-22.006413,26,304.361552
-27.021613,30,304.410832
-11.909492,13,304.43224
-19.453275,22,305.538835
-1.379773,44,305.6126
-16.26679,37,305.673234
-30.436597,36,305.733045
-17.150651,12,305.752806
12.613751,74,305.875595
0.831045,12,305.895732
-64.111858,50,305.978502
-116.538922,107,306.1563
-15.223635,13,306.177902
-23.65185,58,306.273313
0.932361,25,306.314284
-54.84218,69,306.428245
-20.96095,32,306.480722
-8.093018,44,306.553311
-17.394206,44,306.625382
-27.550828,97,306.784571
-455.826107,1000,309.317476
14.004217,35,309.376683
-41.060701,32,309.429777
-46.718693,67,309.540462
-7.547117,17,309.569367
-37.41702,64,309.674715
5.725372,56,309.768233
-15.428155,31,309.820189
-574.826269,1000,312.689575
-13.451902,14,312.71299
-6.831265,11,312.730894
-6.827536,30,312.780661
-14.059118,60,312.881241
-14.762299,55,312.972637
-21.402112,36,313.03295
-13.183234,47,313.11104
-27.667885,43,313.182143
17.818904,51,313.267791
27.728527,55,313.359014
34.014812,59,314.396546
-0.458666,12,314.416361
6.557204,18,314.447087
5.714479,16,314.474117
5.002311,26,314.517586
-2.240798,11,314.536033
15.95793,24,314.575994
-4.318922,32,314.629863
-4.126938,19,314.661958
-22.760384,25,314.703382
-1.261807,28,314.750297
-9.959805,29,314.798396
-13.818238,67,314.911036
-4.442932,43,314.982756
-13.734506,15,315.007719
-23.830641,30,315.058836
-14.184638,27,315.103743
-0.303344,20,315.13694
22.125343,71,315.255569
3.189528,19,315.287296
-11.640093,23,315.325523
-55.951846,79,315.45594
14.062847,26,315.498991
7.496965,15,315.523856
4.947728,37,315.58558
-42.291477,101,315.754841
4.633334,26,315.798166
-16.796956,36,315.8596
10.595612,64,315.965863
-4.934888,14,315.989312
-0.028906,12,316.009566
25.451197,41,316.07897
-58.504382,48,316.159259
-36.854889,43,316.230966
2.796368,21,316.266791
-2.302557,17,316.29542
-18.363683,27,316.340608
-16.159244,15,316.365562
-28.907635,43,316.43836
-29.138472,43,316.511066
-14.070689,43,316.582776
-10.696946,14,316.606353
-10.779378,22,316.643008
-12.095696,10,316.66021
-12.921485,12,316.680318
-47.251755,98,316.844015
-1.397367,16,316.87153
-27.531222,54,317.835458
17.00415,44,317.908431
19.605835,52,317.994747
6.498585,17,318.023169
16.170793,19,318.055353
-12.920073,45,318.130468
-2.249824,22,318.167264
-17.164196,41,318.234956
-37.924962,50,318.31904
-11.244657,13,318.340193
-14.543133,11,318.358612
-28.862193,27,318.402495
-42.540864,38,318.464643
13.84782,23,318.502841
-8.035403,11,318.520892
4.71569,29,318.568272
-5.571621,17,318.596025
-10.702291,24,318.635185
-17.94409,70,319.731095
3.25754,14,319.753837
8.821246,34,319.809436
-5.176639,12,319.829259
-4.227171,46,319.904299
-8.09902,51,319.988081
-517.815278,1000,321.671487
14.956371,106,321.846736
-67.108944,106,322.022847
-13.789267,22,322.05908
-19.42221,38,322.121855
-10.455132,27,322.167187
8.832516,20,322.200487
-11.311907,13,322.222283
-13.072806,15,322.247292
11.949804,14,322.270621
-8.264776,31,322.322152
30.133722,64,322.428948
-5.545136,14,322.452475
-11.427461,36,322.512623
-1.02573,9,322.528296
-14.099363,13,322.550314
-7.143764,13,322.57202
-5.183927,15,322.597015
7.471368,14,322.620306
10.10586,44,322.6934
9.380527,33,322.749507
-16.855052,13,322.7713
-5.412036,11,322.78975
-56.180002,39,322.855319
-7.731577,53,323.279237
-1.361645,15,323.304372
-16.232836,19,323.336115
-1.108042,21,323.37131
-0.023084,11,323.389993
7.103743,9,323.405024
13.362754,25,324.378932
-27.811417,60,324.479042
-9.226047,28,324.525693
-1.573634,39,324.591338
-2.157022,10,324.607833
-26.118077,28,324.65482
-3.538875,53,324.744218
-5.214178,19,324.776406
7.713454,29,324.825134
-37.414227,79,324.956398
0.235796,32,325.009882
-13.39277,44,325.082469
-16.506364,16,325.108709
39.713237,46,325.185426
2.336222,9,325.200562
-19.585516,21,325.235293
-18.660204,36,325.294711
-9.374142,19,325.326248
-9.407412,14,325.34934
-2.232801,58,325.445503
4.812369,19,325.476909
-47.950889,94,325.632865
41.047921,60,325.73139
5.025178,13,325.75259
-0.208659,21,325.787391
29.346021,58,325.882189
-34.745119,82,326.01698
-10.85151,78,326.144408
-23.299412,18,326.173943
-23.223244,33,326.228377
0.593531,28,326.274364
-16.875256,164,326.545192
-12.041289,69,326.660552
-12.351697,25,326.702052
-20.037251,21,326.73719
-33.69632,23,326.775447
19.056795,15,326.801143
11.673732,47,326.879322
-528.360776,1000,330.153154
-42.190135,99,330.318858
-3.176044,18,330.348522
-16.246353,34,330.405153
13.875868,54,330.495873
-14.107483,64,330.601773
-20.217293,30,330.651503
5.888215,31,330.702118
2.11025,89,330.848682
22.745509,88,330.992429
0.124797,32,331.045565
-6.078169,26,331.088191
-54.943232,129,331.300426
-5.827041,44,331.372721
11.813641,64,331.478284
44.737735,140,331.710418
-0.426554,96,331.868984
32.156609,58,331.964701
3.684003,13,331.986399
-14.870706,14,332.00959
-45.754098,42,332.079938
14.010533,36,332.140101
-6.192472,21,332.175266
-7.289887,14,332.198555
-27.051061,82,332.334576
-55.306345,79,332.466429
-22.633399,28,332.513122
-1.247372,151,332.763296
-497.28115,1000,335.427693
-4.967669,14,335.451238
33.381963,43,335.523248
-26.85436,26,335.566013
-0.756649,24,335.605473
-4.387429,30,335.654969
-20.243049,62,335.757782
-13.070732,16,335.784164
-7.866374,14,335.80736
-6.402108,38,335.870167
-31.658086,43,335.94197
-42.370582,55,336.031713
36.266471,68,336.143836
-10.074275,15,336.168498
2.087258,20,336.201431
-16.006366,46,336.276755
-415.730287,1000,338.705649
-377.326009,1000,341.086569
-19.495329,83,341.225846
-12.493681,40,341.291987
33.764968,36,341.351693
-18.450056,29,341.400305
-52.053935,84,341.540398
34.372684,59,341.638507
33.157948,31,341.69
-6.937089,15,341.715345
-46.600458,65,341.823439
-36.744545,39,341.888106
-20.741645,66,341.998671
-8.796865,51,342.864439
-20.65597,20,342.898155
-1.969237,40,342.965127
17.112477,88,343.112575
-1.490685,68,343.226594
7.104158,43,343.298545
-3.741011,22,343.334948
-5.414864,15,343.359791
-8.791215,21,343.394999
-532.719612,1000,345.068419
-22.471192,105,345.2446
8.808208,18,345.274718
-8.596307,36,345.333871
-9.166253,26,345.377015
4.085121,14,345.400495
-17.63483,16,345.427425
-26.495133,41,345.495397
-2.747054,13,345.516949
-1.123251,15,345.542058
-9.477395,12,345.561883
-3.641962,13,345.58343
-44.509696,88,346.710469
-11.640846,27,346.755416
-0.970411,16,346.782163
3.839731,11,346.800214
4.445172,33,346.855208
17.591361,24,346.895246
-0.46081,20,346.928643
-44.117464,101,347.096906
-27.884181,54,347.186641
5.866774,11,347.20506
4.053278,70,348.103251
29.764686,46,348.179904
-40.556503,82,348.316435
-12.187119,14,348.339585
-3.514416,61,348.442285
-28.281081,34,348.499379
24.323593,58,348.596203
0.434939,93,348.75641
-16.908698,18,348.786122
65.197846,209,349.132879
-82.10317,163,349.406173
0.251003,16,349.433116
-14.02383,37,349.495712
-4.630534,11,349.514222
-14.416483,30,349.564439
-13.516688,11,349.582581
11.882458,19,349.614361
12.523412,41,349.683239
-16.116119,110,349.867622
5.034992,27,349.913385
35.582285,47,349.992484
-410.879878,1000,353.833931
-13.761326,36,353.893775
61.959224,100,354.059855
-4.674165,24,354.099489
-15.705002,87,354.244637
-1.623744,32,354.297629
4.805864,12,354.317665
3.69174,84,354.457753
13.869572,43,354.529777
5.076568,35,354.588627
-3.785358,47,354.667002
0.832703,16,354.693831
-10.477495,12,354.713858
-13.536974,34,354.770946
13.435022,109,354.951252
-34.54501,62,355.052684
9.185571,25,355.093776
-1.94184,53,355.181138
0.770131,24,355.220606
41.789403,149,355.465513
1.290681,41,355.533477
22.106972,22,355.570371
-5.247227,26,355.613408
7.082386,35,355.671435
-1.240898,26,355.71455
-19.745534,67,355.826643
-2.738295,54,355.916414
0.055554,28,355.963278
-4.201449,102,356.133125
-29.773104,36,356.193494
-3.452822,48,356.273234
-2.908813,19,356.304901
26.163581,32,356.358456
26.625291,24,356.398232
-5.732802,50,356.481294
18.439042,23,356.519504
28.538764,68,356.633051
27.833336,104,356.808572
-152.672163,177,358.057169
-7.126466,26,358.099951
25.792693,70,358.2154
21.443894,35,358.272774
-19.95021,51,358.355776
-1.874524,90,358.503066
-31.945555,85,358.642213
-27.616983,54,358.731056
-5.885254,33,358.786262
-4.164415,13,358.807737
17.2923,47,358.885474
32.688782,44,359.28155
-66.49551,71,359.398154
-6.045804,40,359.464101
-26.500156,85,359.604792
-48.874148,75,359.727719
-3.614123,18,359.757207
-1.285745,51,359.841692
24.301556,89,359.987832
-6.437919,117,360.181596
-17.688534,62,360.284172
33.986207,38,360.346622
11.981788,31,360.398104
-7.41658,13,360.420115
34.807478,52,360.506103
18.881206,41,360.573848
0.349368,21,360.60905
-347.582068,1000,363.210212
6.444363,27,363.25587
-13.3806,49,363.33803
0.902082,22,363.374248
-3.232804,12,363.393812
-50.295767,112,363.577445
-6.148072,14,363.600303
-364.144529,1000,365.711598
-13.671954,52,365.798056
-9.617526,75,365.922789
-11.697027,11,365.941208
-25.619254,93,366.094728
53.313881,42,366.164244
-5.653894,15,366.189128
-0.056322,11,366.207498
-3.762127,8,366.220767
-12.381149,33,366.274957
12.263566,30,366.32465
-21.585472,25,366.36569
1.015852,30,366.41448
6.857648,36,366.473356
18.03772,66,367.513779
6.368494,85,367.653114
-7.551046,32,367.706433
16.659388,32,367.759208
-0.477966,11,367.777349
-4.59916,36,367.837096
3.716962,18,367.867218
-4.42111,20,367.901119
-11.989621,83,368.0374
19.750162,43,368.109026
-3.688896,13,368.130551
-16.089984,65,368.237912
5.302964,163,368.507983
-0.136196,44,368.581012
-17.241549,24,368.620658
-1.433906,25,368.662767
22.282471,87,368.806608
19.773252,81,368.941413
-5.635955,112,369.129001
12.939298,32,369.182145
38.645778,54,369.272113
-5.359593,12,369.291884
-1.887037,23,369.330407
12.771395,98,369.492469
-34.556268,87,369.636846
-6.645038,13,369.658126
-1.397844,27,369.702695
42.568593,52,369.789498
-6.04679,12,369.809412
4.993864,12,370.700076
5.118211,33,370.756705
16.350062,27,370.801172
-14.872851,33,370.855398
5.749636,27,370.900136
9.055851,22,370.936646
27.193997,141,371.172735
-25.672489,36,371.232304
-29.072657,40,371.299099
-8.685882,20,371.33276
10.206184,13,371.354825
4.684119,43,371.426288
31.361575,54,371.515361
-57.867616,59,371.613293
-21.372307,52,372.641031
28.526946,40,372.706841
-0.943296,35,372.765384
22.832551,19,372.797186
-11.074784,13,372.818891
5.461628,122,373.022572
8.80103,25,373.064219
-8.716945,14,373.08746
11.086371,45,373.162662
-76.640948,138,373.392895
-291.026036,1000,375.06278
44.997448,101,375.230601
28.807117,74,375.353629
2.603378,12,375.373613
36.664982,39,375.43933
-0.380222,41,375.507749
-290.943332,1000,380.662458
3.201996,22,380.699354
-2.051757,15,380.724266
52.982296,68,380.838223
41.753684,124,381.046656
29.043512,47,381.124789
33.13146,49,381.217648
-40.722237,78,381.349947
-9.300106,21,381.385293
0.625604,18,381.415484
8.572829,26,381.458493
-334.159687,1000,384.079325
12.671178,16,384.106468
-251.84954,1000,386.132361
-1.395135,73,386.254548
-43.359437,45,386.330515
-10.553554,77,386.457896
-15.883745,92,386.610837
1.880954,19,386.642249
10.49908,38,386.704913
22.533358,71,386.822934
19.841582,16,386.849224
-20.242205,38,386.911852
31.34849,70,387.027682
-3.448746,17,387.0554
-9.252286,17,387.08321
6.754064,20,387.115946
6.713952,14,387.139194
-7.064365,35,387.196579
-230.018159,1000,389.828726
-268.471627,1000,391.955575
6.459789,18,391.985569
-0.178821,23,392.024005
-11.400718,37,392.08511
70.052962,82,392.223619
-1.615106,24,392.263075
-14.555045,91,392.414415
7.10465,19,392.44596
17.812982,18,392.475674
-68.106021,170,393.713785
-11.020243,18,393.744088
7.267466,84,393.884685
4.708496,34,393.941458
-6.478878,13,393.962852
-9.931651,27,394.007973
-30.687044,190,394.325075
4.319093,19,394.356644
-0.911261,14,394.380104
-16.066452,14,394.403732
15.941359,41,394.472152
-1.043672,17,394.500313
33.055992,47,394.578005
6.294414,45,394.652893
-9.59289,15,394.677847
-55.598843,85,394.818146
9.030534,27,394.863579
-17.529702,30,394.913371
6.80566,36,394.973704
-0.03715,13,394.995257
-49.222378,112,395.180472
16.667524,57,395.274199
-3.191773,16,395.300347
-4.245047,40,395.366384
-2.61411,21,395.400509
71.444752,92,396.069732
-3.808949,10,396.086232
31.922572,68,396.198201
25.462227,42,396.267494
-33.367922,100,396.432003
18.143221,46,396.508323
72.501724,274,396.96265
-231.554209,1000,399.585573
30.918138,59,399.682923
38.632919,58,399.778544
-11.331555,21,399.812847
12.757756,44,399.885352
73.582214,101,400.05163
21.319927,72,400.170643
-39.554286,135,400.391875
0.846984,8,400.405096
-205.888286,1000,404.524486
0.723423,22,404.561572
2.878182,29,404.610521
66.811057,115,404.802845
11.875985,34,404.859527
18.292704,44,404.933732
-3.316332,43,405.005284
-6.780077,16,405.03185
-31.775343,60,405.131675
-5.717908,10,405.148141
15.789208,18,405.178707
30.259125,60,405.278554
13.893479,18,405.308401
24.892788,82,405.445029
7.345542,24,405.484927
-2.513757,135,405.708851
6.897837,39,405.774124
-236.845674,1000,407.452026
-2.007844,13,407.474104
-0.70926,16,407.500923
17.774291,25,407.542496
7.857811,22,407.579431
-13.904687,29,408.58734
88.463298,126,410.960349
-17.509297,25,411.001729
8.251512,23,411.040123
14.54071,22,411.077293
-8.071585,16,411.104155
19.288542,14,411.127352
-20.505028,20,411.161898
8.021612,33,411.2168
0.961101,23,411.25529
-1.905648,23,411.293497
7.068231,72,411.411579
15.868866,25,411.453291
-2.199937,53,411.540598
-8.848122,20,411.573624
-3.081895,24,411.612857
2.229215,24,411.652486
19.149095,30,411.701741
-7.670546,27,411.746116
-142.422687,1000,413.414069
9.706681,18,413.443758
54.729424,101,413.611309
-7.871371,51,413.695035
38.659518,48,413.773496
5.125077,38,413.835372
11.265855,43,413.906531
9.580585,33,413.961093
17.438999,50,414.0444
3.873383,98,415.162616
-172.413509,1000,417.850844
7.02007,18,417.880786
19.075403,20,417.914132
-0.025043,18,417.944311
-53.677142,178,418.23947
-41.079577,127,418.44896
31.996955,37,418.509764
12.827493,31,418.561396
3.135745,9,418.576265
-51.145628,136,418.800552
37.246687,79,418.930803
-15.453109,28,418.977152
9.310361,13,418.998553
20.092768,43,419.069489
-12.008033,19,419.100588
26.148748,43,419.172024
1.58743,37,419.232928
-149.004424,1000,421.660487
32.963718,63,421.763357
11.504543,42,421.832645
-4.027264,24,421.871948
22.544966,30,422.436023
5.375079,10,422.453118
-22.11205,64,422.558772
7.588948,29,422.60659
36.928213,27,422.651021
-2.308908,13,422.672997
-6.936492,27,422.717668
8.168557,22,422.754346
6.88709,77,422.882624
37.36335,45,422.957233
-0.615648,11,422.975804
-154.517884,1000,425.426437
45.003503,36,425.485558
-16.61498,40,425.551286
15.131659,29,425.598644
5.411604,17,425.626472
3.395264,19,425.658036
6.918558,10,425.67435
1.64453,10,425.690657
-36.814003,57,425.783692
-5.650848,34,425.839427
12.881369,27,425.883534
20.953123,25,425.924474
9.735433,15,425.94889
18.107277,23,425.986409
-0.681602,17,426.013999
-46.648375,112,426.197405
15.94991,35,426.255126
1.871838,16,426.281186
-2.860515,31,426.332336
63.446854,73,426.451585
21.631752,36,426.510735
-14.423984,16,426.53701
16.102989,53,426.623704
3.266218,16,426.65014
14.89145,76,426.774839
17.042356,52,426.860507
9.019319,29,426.908283
-4.682587,49,426.988609
3.158648,10,427.004843
-6.298087,15,427.029486
1.18133,110,427.210182
21.969208,26,427.252435
-23.584367,121,427.785053
34.737347,38,427.846814
8.898422,43,427.917126
7.104594,20,427.949905
-10.379417,30,427.999075
61.122425,42,428.068428
28.425667,62,428.170644
11.269423,20,428.203392
4.779345,39,428.267172
-1.993785,11,428.285431
10.334172,28,428.331334
-16.086086,29,428.37895
8.117131,17,428.406796
1.257318,10,428.423744
10.816184,24,428.463554
8.60451,26,428.506901
73.272926,86,428.648427
11.547155,23,428.686768
19.931169,69,429.711733
15.335329,55,429.801617
1.630324,61,429.902815
29.860773,37,429.964024
16.220809,26,430.006765
-0.987163,11,430.024811
5.825481,28,430.07129
-81.37379,1000,431.744246
10.608758,18,431.774596
49.062379,56,431.8674
34.039204,45,431.942318
0.552418,51,432.026254
20.343592,55,432.118221
-41.250547,1000,437.628418
-11.145346,146,437.868627
20.794667,83,438.006098
-22.355523,29,438.054122
-1.987735,99,438.218854
-1.9445,29,438.266968
-6.076523,24,438.306652
-6.940118,15,438.331351
32.253275,34,438.387228
19.091945,30,438.437405
14.484364,15,438.462251
25.94627,54,438.551433
2.456729,15,438.57653
20.208399,25,438.618334
5.206153,28,438.664822
3.036273,17,438.693567
-83.594878,1000,441.29757
34.552591,63,441.401807
17.081433,32,441.455111
-6.039959,15,441.479858
21.926241,25,441.521207
-1.136155,14,441.544595
4.116251,8,441.557924
14.007636,22,441.594264
13.971784,64,442.274625
1.129467,47,442.353277
-8.243007,94,442.508822
4.310838,24,442.548066
32.570341,33,442.602589
38.400099,69,442.716067
-58.232503,1000,444.386681
2.128281,21,444.421447
2.479933,1000,447.00701
-15.555168,87,447.150708
20.801206,122,448.346611
-1.409459,1000,450.0193
-2.270038,25,450.061139
15.768835,24,450.100708
3.783318,33,450.155491
22.796302,54,450.245359
-29.377148,72,450.365298
5.514887,27,450.409836
-21.014008,74,451.456254
4.313589,14,451.479264
43.603059,47,451.55694
43.423777,37,451.618516
31.889917,60,451.717741
0.799377,25,451.759418
4.813621,16,451.786356
-27.53423,1000,453.894737
11.010236,12,453.915685
-23.019676,131,454.129732
1.976028,33,454.184004
11.684144,38,454.247492
11.307832,12,454.267386
54.116839,213,454.623765
2.892426,13,454.645444
-11.115886,26,454.688852
8.773878,18,454.718802
0.758817,13,454.740674
-1.841783,12,454.76053
-1.112879,18,454.79038
31.697047,41,454.859245
24.527535,20,454.892654
-16.791317,170,455.176995
30.744842,190,456.299999
6.335162,20,456.333587
14.48562,14,456.356862
-12.137217,51,456.442243
93.028249,159,456.707054
4.680933,30,456.756354
9.543033,93,456.910197
7.647978,17,456.938184
71.493352,96,457.096848
6.097482,10,457.112971
34.499052,37,457.17389
44.100057,80,457.306037
-7.749457,140,457.537332
-6.269584,18,457.566788
40.153547,52,457.652523
6.261355,15,457.677248
30.556019,67,457.787144
2.306849,20,457.819971
-24.327246,106,457.993981
-6.246121,1000,462.242711
-67.00011,168,462.523741
6.068968,175,462.81439
-64.660913,1000,464.48427
0.23586,22,464.520515
-1.54653,20,464.554353
22.59241,24,464.59439
13.513928,17,464.622806
21.83868,41,464.690748
3.438512,19,464.722399
-6.215515,15,464.747552
-2.413988,17,464.775806
11.064495,34,464.831626
35.758912,33,464.886479
15.927044,29,464.934472
1.448155,11,464.953351
-1.064802,18,464.983212
9.422561,21,465.018237
41.135424,27,465.063407
10.26503,31,465.114324
25.170358,42,465.183393
0.220908,10,465.200054
22.260114,25,465.241127
24.946247,55,465.331426
7.381384,27,465.376606
1.024943,17,465.404881
28.416035,28,465.450993
-39.381361,109,466.756387
31.954056,44,466.828404
10.000027,42,466.897064
49.767719,84,467.034083
25.268858,58,467.128389
15.708067,19,467.159728
7.941537,1000,468.807758
7.490381,95,468.963858
40.465072,78,469.093205
4.233472,17,469.121269
12.512408,27,469.166065
0.558252,48,469.246638
18.531274,36,469.305958
8.334328,10,469.322401
20.129681,31,469.373838
43.113584,53,469.462375
5.922645,15,469.487386
32.70491,34,469.543259
29.381778,88,469.689996
15.992795,34,469.74631
15.101793,64,469.852652
4.558054,21,469.887269
20.665456,22,469.923719
13.059059,48,470.003265
4.446829,115,470.955857
19.170218,24,470.995333
51.896991,119,471.194866
18.570394,57,471.289791
17.340469,30,471.339551
53.683715,1000,474.460551
4.235182,16,474.487906
31.077462,40,474.554067
-5.493048,124,474.759454
27.02068,59,474.856041
38.105283,1000,477.299779
36.586827,30,477.349454
21.840605,17,477.377548
-82.884116,213,477.729573
-3.925345,19,477.76128
4.074466,26,477.804773
-1.231662,14,477.827753
19.474291,113,478.74001
0.962039,10,478.757063
-4.47666,15,478.781706
18.900951,20,478.814479
14.244621,19,478.845981
24.424803,25,478.887351
6.092147,15,478.912342
10.86255,28,478.959332
43.142894,110,479.140182
12.355473,18,479.170046
11.830938,24,479.209576
14.732278,17,479.23762
16.592297,1000,481.678629
40.149,37,481.739625
-2.897303,166,482.012764
-3.221899,51,482.096181
45.340796,32,482.148853
14.145312,11,482.167002
39.323984,75,482.291269
44.705741,47,482.368877
18.277349,33,482.424298
45.250659,93,482.579482
53.841166,161,482.848793
-2.692829,18,482.879023
3.134441,53,482.967525
18.513131,32,483.021458
71.293166,138,483.252957
77.856353,1000,486.520644
-18.62701,15,486.545672
21.821356,77,486.672712
4.221753,27,486.717241
40.308949,43,486.787822
-14.915611,79,486.918486
29.401395,190,487.230114
9.865144,15,487.255076
11.05987,41,487.322595
31.681635,56,487.414808
37.233898,199,487.74343
2.124582,18,487.773434
52.191448,113,487.961814
49.699465,58,488.058661
119.26896,260,488.4922
128.094593,1000,493.469492
29.837736,58,493.566523
204.912286,1000,495.230794
29.555751,85,495.371647
-18.222496,81,495.506577
61.39965,82,495.642618
30.39597,25,495.684018
85.380141,182,495.986877
46.524614,56,496.079231
-1.007661,15,496.104247
29.753878,43,496.175325
33.499809,52,496.26163
7.454075,21,496.296924
17.478245,53,496.385054
9.169625,16,496.411332
-2.967315,42,497.422706
92.804621,155,497.67755
-7.988357,50,497.75874
17.055106,35,499.144335
22.241738,20,499.177895
49.689832,82,499.312822
52.790673,47,499.389513
12.729047,25,499.430964
14.049403,19,499.462251
139.040696,163,499.730338
64.168396,41,499.798378
25.397838,17,499.827132
60.705355,236,500.219326
7.811846,27,500.264301
49.768186,38,500.327038
47.68554,42,500.396317
42.380005,66,500.506446
80.922841,177,500.799357
7.010074,47,500.878357
36.565445,61,500.979815
13.438705,35,501.038221
4.24127,31,501.089709
50.074945,168,501.378072
19.173958,24,501.417062
43.718794,67,501.527367
44.753575,47,501.604307
35.044112,32,501.65707
81.964885,88,501.802414
12.678433,63,501.905622
70.812111,82,502.039989
5.890728,14,502.063447
51.709651,110,503.176938
31.120997,31,503.228352
-11.902669,15,503.253261
-26.447844,151,503.502228
29.128516,30,503.551762
43.384887,112,503.736564
22.424487,64,503.841474
30.04119,21,503.876682
28.73844,48,503.955956
23.927992,27,504.00059
30.788324,32,504.053991
1.647875,34,504.111107
26.785542,30,504.163224
58.419623,57,505.750192
0.978729,25,505.79187
70.719359,208,506.136565
29.20869,94,506.291399
34.599457,69,506.406707
125.663575,1000,508.92743
53.861807,55,509.019563
7.133951,18,509.049403
21.087535,20,509.082779
114.116267,127,509.293869
9.842563,18,509.324121
17.655402,17,509.352432
140.848649,1000,511.825487
27.791276,73,511.948111
59.468668,82,512.083938
6.982895,135,512.309469
36.921581,63,512.414992
10.698024,22,512.451298
118.107432,144,512.691829
89.888277,85,512.834483
27.416439,37,512.896047
3.813752,37,512.956721
25.02972,35,513.97078
19.687626,27,514.015106
30.531204,52,514.100405
79.52093,89,514.247265
24.704393,100,514.415622
33.722076,47,514.492995
2.52227,26,514.535907
129.80763,215,514.888449
27.656145,37,514.949041
176.27028,1000,516.612162
34.719663,77,517.888362
31.427534,18,517.918251
16.142159,19,517.949425
4.191558,31,518.000543
27.453301,65,518.109112
193.291056,1000,520.739339
-13.589219,33,520.795011
19.092293,57,520.889437
41.752295,43,520.961165
-21.087842,75,521.085805
149.54213,167,521.363638
-9.199343,87,521.506721
70.88283,103,521.674065
31.380588,125,521.878078
55.078979,69,521.990529
14.7736,14,522.013299
89.699708,130,522.227596
20.662441,88,522.372717
7.949236,15,522.397453
46.365616,31,522.44865
30.2048,225,522.81872
21.86002,34,523.820623
14.12851,80,525.438176
75.013324,118,525.632676
38.867482,77,525.759876
4.193079,12,525.779484
9.606158,24,525.819041
7.330491,17,525.847123
77.360861,155,526.101914
41.309066,100,526.264881
6.07102,22,526.300492
126.955486,107,526.475243
158.936207,1000,528.136384
9.427426,10,528.153126
29.159217,23,528.191658
28.108493,26,528.234478
31.286977,34,528.290749
28.48211,50,528.371913
114.096905,145,528.609617
15.307725,16,528.63563
44.00396,91,529.733965
27.286908,55,529.825164
6.338044,18,529.855013
148.181966,1000,533.46189
4.88,20,533.495461
20.479103,49,533.576125
50.239899,39,533.640572
4.007713,14,533.664113
4.443634,30,533.714366
51.577455,73,533.836038
13.568685,42,533.905888
6.979785,163,534.177857
1.901702,9,534.192783
1.446942,13,534.214512
27.191261,37,534.276081
-7.544949,25,534.317612
28.005671,36,534.378074
32.226614,118,534.575097
-4.424633,12,534.594627
49.853278,50,534.677576
94.991487,72,534.797087
19.875307,40,534.863414
69.722027,172,536.081182
37.091006,51,536.167468
10.314732,29,536.214822
227.337369,1000,540.469777
28.817974,44,540.542568
31.180734,44,540.615899
50.929072,51,540.700433
73.208451,65,540.808529
30.47945,77,540.936273
42.43462,37,540.998
44.243653,37,541.059124
9.899268,28,541.105468
28.51924,85,541.246385
55.959469,30,541.29642
0.70111,61,541.398451
194.60766,1000,543.981405
14.208837,14,544.005151
47.451986,50,544.087924
76.741612,67,544.198316
27.502869,136,544.422771
14.606393,18,544.452364
35.939704,52,544.53761
54.740601,94,544.692674
106.066282,53,544.780052
92.431947,231,547.773098
56.437323,171,548.057203
50.666729,111,548.24194
15.840179,19,548.274029
45.075287,36,548.333629
72.117111,77,548.462561
52.326802,49,548.544129
41.294302,51,548.629558
95.61966,88,548.775993
-4.275243,52,549.789715
40.575134,37,549.851057
-0.768279,116,550.043765
45.667053,120,550.2448
79.174188,141,550.478548
56.757627,48,550.5581
40.270023,202,550.890908
206.375627,407,551.56463
236.377212,1000,555.976092
0.90769,20,556.009695
28.89744,46,556.08531
44.301518,91,556.236399
5.367649,8,556.249722
293.57672,1000,557.915816
-5.742791,32,557.968574
61.39021,87,558.113343
33.105923,38,558.17705
32.920342,63,558.282797
37.69587,54,558.373068
327.627397,1000,563.50845
61.319595,53,563.594887
1.83192,16,563.621017
99.016549,166,563.893394
130.807307,216,564.247652
43.597239,51,564.332236
8.444308,38,564.39625
52.007909,60,564.496521
8.970577,14,564.519542
19.529835,18,564.549221
217.085919,1000,567.168643
28.686809,16,567.195151
69.360895,122,567.398715
25.791879,21,567.433861
114.795663,107,567.613065
113.879212,126,567.822505
6.300062,16,567.849095
72.554307,139,568.080307
88.205778,138,571.467194
8.731356,30,571.517513
65.095886,38,571.579942
29.501969,36,571.638998
63.583198,60,571.737629
7.319865,107,571.913754
93.542614,93,572.066599
14.849756,36,572.126253
23.671966,31,572.177593
31.92529,85,572.31592
51.764921,60,572.414408
59.14028,223,572.77919
112.301799,120,572.975232
286.509549,1000,575.53944
102.347641,99,575.704271
16.368443,24,575.74414
37.976473,23,575.782458
36.955838,30,575.83289
8.213185,20,575.866169
21.76405,16,575.892614
282.597393,1000,579.14711
48.894547,159,579.410959
93.563782,60,579.509801
9.162648,53,580.538665
16.619887,28,580.584509
14.334715,37,580.648354
105.656551,146,580.889013
35.749376,69,581.002889
28.413364,73,581.124216
158.940134,234,581.510135
356.594999,1000,586.180287
16.538178,20,586.214308
9.604766,25,586.2563
96.720983,148,586.502941
276.444679,1000,589.087569
62.645665,104,589.258259
154.054951,121,589.456108
43.354439,57,589.549805
5.53806,36,589.609239
187.771449,110,589.790127
9.985579,18,589.819702
19.143236,68,589.930842
26.673699,85,590.072048
23.382809,53,590.159364
126.006606,317,590.686533
17.703339,21,590.721535
43.230254,50,590.80502
89.133054,105,590.97942
20.555146,22,591.016517
-2.178651,24,591.05643
-2.866267,21,591.091227
111.511167,173,595.156201
13.269325,23,595.195077
318.988682,1000,596.868641
57.082887,63,596.973514
22.711611,32,597.026464
7.276982,24,597.066461
29.580382,61,597.16826
162.877674,166,597.443969
27.932825,42,597.514047
44.256746,47,597.592329
166.635231,328,598.130177
78.142567,67,598.239287
79.592645,94,598.394319
22.409297,16,598.420814
9.042496,20,599.407841
1.079468,31,599.4588
188.415395,248,599.867661
32.60919,71,599.98537
83.331046,86,601.888355
65.754078,91,602.039109
30.764089,29,602.086735
38.216652,31,602.138123
76.283368,95,602.294494
77.051905,121,602.495267
20.478369,35,602.554024
74.174807,77,602.680335
56.586032,294,603.166664
136.417853,164,603.436754
6.521859,89,603.584141
14.118034,23,603.622054
61.810732,191,603.936147
4.852142,22,603.972644
44.666686,122,604.175348
45.649062,115,604.365716
79.193502,63,604.470104
75.013824,97,605.551803
109.771068,121,605.751685
76.083055,147,605.994577
70.781719,95,606.151558
88.020159,71,606.269343
239.631043,643,610.445299
4.784675,28,610.492186
5.590842,43,610.562967
24.497831,25,610.603602
19.27731,51,610.688082
82.958987,113,610.873009
50.682894,55,610.962777
134.359051,116,611.153556
61.754529,143,611.390438
24.285319,28,611.436543
-10.035434,18,611.466592
43.733067,63,611.570515
64.933969,59,611.667623
185.422782,353,613.018446
60.129962,44,613.092024
33.047385,85,613.233223
159.662062,230,613.615759
184.580621,315,614.141505
70.395195,60,614.241489
63.639319,83,614.380295
122.146285,196,614.705321
17.213283,14,614.728363
125.989926,192,616.893029
108.167515,160,617.157615
68.621504,56,617.249239
94.872622,96,617.408226
38.348436,43,617.479218
14.39152,15,617.503937
4.44285,8,617.5171
2.862123,29,617.565606
44.156663,62,617.668217
117.064844,134,617.890264
18.589735,31,617.941785
351.877994,1000,620.372843
333.360692,1000,624.542507
35.427162,137,625.529763
313.841274,1000,627.190909
79.647334,79,627.322039
21.864242,24,627.361241
36.328131,55,627.452134
41.507638,76,627.577901
6.44534,38,627.640542
61.575205,42,627.710458
354.130322,1000,634.097252
34.268486,50,634.182487
11.500529,18,634.212545
59.30936,182,634.515934
13.794388,25,634.557798
46.959375,36,634.617845
125.400883,234,635.006442
33.206731,54,635.096301
390.503091,1000,636.802807
48.468858,84,636.941943
77.613897,96,637.864045
117.267943,208,638.210574
81.411912,77,638.338819
53.410831,40,638.404934
14.638751,21,638.440495
94.114511,106,638.616557
17.866995,95,638.773034
416.006226,1000,643.959754
143.021595,149,644.206184
40.87036,62,644.309349
68.845166,74,644.432198
148.310822,293,645.75556
36.789782,43,645.827044
19.048053,17,645.855
350.003587,1000,651.43401
44.051294,40,651.500293
2.57167,17,651.528344
40.301052,45,651.603005
21.633718,111,651.78587
47.974758,41,651.854347
55.797701,40,651.920213
49.947449,88,652.064714
27.660867,48,652.145068
48.680255,105,652.320574
20.790771,41,652.388073
61.110109,53,652.476334
93.934828,111,652.66091
19.035303,45,652.735057
19.160063,40,652.800901
12.368989,25,653.61406
487.650785,1000,655.284009
50.497482,50,655.36758
260.023174,469,656.144447
38.623781,22,656.181067
13.127177,25,659.317984
69.453055,100,659.482807
69.353707,134,659.706639
108.737324,103,659.87676
355.312835,1000,662.419372
33.97759,57,662.513909
127.239652,135,662.739021
163.701713,201,663.072557
30.562129,48,663.152722
255.64195,393,663.801901
87.007103,84,663.94043
33.160421,34,663.99694
23.515533,28,664.043325
473.938758,1000,668.203409
98.891419,109,668.383645
202.012007,168,668.661765
5.266708,15,668.686441
406.997404,1000,671.116776
68.842243,45,671.190696
30.701338,41,671.258239
48.101571,42,671.327364
-1.444442,41,671.394659
42.124839,20,671.427482
175.049178,294,675.850345
158.944818,227,676.222925
45.086908,42,676.291871
50.327788,40,676.358414
40.279265,33,676.412579
419.921449,1000,678.069252
42.208624,49,678.149943
123.958733,150,679.35513
401.483748,1000,683.587095
27.144307,30,683.637464
152.99997,248,684.047557
32.881778,26,684.090364
30.654596,46,684.166758
14.977869,32,684.219782
33.470005,35,684.277752
38.645422,35,684.335294
8.823006,23,684.373427
31.050915,85,684.514065
23.118943,46,684.590901
28.089795,100,684.754785
29.09948,25,684.795421
161.526547,153,685.047112
106.659121,284,686.44823
25.869943,26,686.491333
439.591324,1000,688.156665
218.659192,375,691.073393
35.911171,90,691.223136
61.480633,47,691.300568
115.735908,106,691.47543
166.363672,159,691.737178
86.809551,86,691.879328
170.90929,241,693.196589
12.34977,20,693.22931
451.12327,1000,694.890524
472.772918,1000,701.094858
86.486399,106,701.269939
22.656273,74,701.391068
15.570709,14,701.413947
82.841788,86,701.554407
122.548507,214,701.904271
36.682008,23,701.942385
347.174383,385,702.581081
159.894531,271,703.03324
138.314658,302,703.53549
86.458238,139,703.764925
24.867873,23,703.802903
32.366173,41,703.869967
423.609901,1000,709.129393
49.93654,71,709.246829
205.246684,228,709.620395
125.949287,159,709.88193
89.509965,174,710.171725
496.872871,1000,712.613746
65.835215,63,712.716467
80.273424,98,712.876836
51.44618,95,718.147718
259.774443,333,718.691748
23.877149,101,718.857291
30.522294,24,718.897544
235.570347,400,719.556521
110.049795,201,719.88772
45.504334,32,719.940858
70.014917,129,720.154017
51.196694,55,720.24417
14.837256,17,720.271802
54.885137,64,720.377026
37.666029,48,721.236674
3.942802,32,721.288749
433.799326,680,722.407808
578.565398,1000,727.16547
182.091442,219,727.528391
26.05119,25,727.569143
104.903392,106,728.558052
22.872288,43,728.629062
106.765784,111,728.810085
515.212762,1000,730.465844
79.138171,54,730.555615
460.2611,1000,735.605677
179.677729,133,735.823891
8.720013,18,735.853173
139.319965,187,736.160731
15.775928,25,736.2015
174.563113,233,736.583459
102.495911,129,736.794888
45.666108,157,737.053828
35.715239,58,737.150173
167.103776,264,737.590703
46.531662,54,737.680187
140.155317,150,737.928396
782.911184,1000,743.587488
110.040475,109,743.768286
55.07788,49,743.849959
219.504702,206,744.189882
64.727742,93,744.342683
39.012741,85,744.481333
444.599318,1000,746.912687
105.195413,104,747.083825
11.113635,9,747.098393
59.001593,31,747.148961
116.679796,156,747.406633
81.244802,97,750.8517
101.474796,84,750.993284
67.491173,125,751.205359
183.264833,265,751.653214
62.70437,297,752.156905
47.327175,102,752.328298
142.042074,170,752.616661
241.227679,213,752.97647
451.952948,1000,755.635213
109.807361,113,755.82284
472.254063,1000,760.673471
198.082411,168,760.949011
232.880782,272,762.146769
502.911937,780,763.430262
82.548346,70,763.546348
494.39676,1000,769.385158
53.100096,54,770.227485
224.878796,282,770.693822
64.036075,46,770.770055
110.247363,121,770.970867
582.319555,1000,772.631575
23.097144,24,772.671053
31.933526,30,772.720345
79.725616,54,772.808903
582.521255,1000,780.673491
133.186349,120,780.869715
297.409768,287,781.338138
126.670505,235,781.721145
52.303953,30,781.770448
294.612554,392,782.409846
124.11536,162,782.674925
99.414327,98,782.835588
27.062244,47,782.913229
9.822612,18,782.943105
50.599278,43,783.014453
516.670416,1000,789.38371
146.364136,135,789.605456
224.264743,240,790.00031
41.001433,39,790.064064
93.225839,69,790.178119
152.178037,270,790.620786
90.614348,130,790.833245
126.408192,119,791.027176
122.70266,104,791.196759
57.924561,47,792.199082
450.283146,1000,797.061647
248.670772,246,797.467649
59.398248,46,797.543986
62.540674,41,797.611719
133.749767,83,797.748422
58.3203,47,797.825895
60.221054,150,798.072035
182.721688,396,798.724243
6.32369,19,798.755363
167.573484,240,800.074451
237.9807,235,800.459705
24.006211,21,800.493945
21.114546,26,800.536389
53.548548,55,800.626076
74.085864,182,800.922512
15.828533,20,800.955235
48.444772,27,800.999465
25.926004,18,801.029327
155.582313,186,801.339879
47.989072,71,805.187025
73.110064,49,805.267591
219.890525,280,805.725415
62.19538,59,805.821717
73.631366,107,805.997535
322.660089,436,806.712729
87.602357,85,807.745307
64.14549,57,807.838802
145.686653,144,808.075367
39.014612,164,808.344486
56.984439,54,808.433282
466.607383,1000,810.09323
65.309419,59,813.861514
178.865034,154,814.116106
495.651781,1000,816.680193
46.674875,27,816.724888
304.835136,245,817.128981
95.867477,63,817.232817
254.890384,371,817.843106
483.051405,661,822.914034
488.102083,1000,825.489318
141.025081,133,825.708257
574.375367,1000,828.262503
629.601592,1000,835.258602
620.098335,1000,836.901611
165.227273,102,838.014276
162.472818,133,838.23395
476.079325,1000,843.186079
760.52005,1000,845.770949
18.698143,23,845.808503
492.41064,760,847.047178
388.72245,412,851.625209
345.153617,437,852.346812
37.164304,70,852.461969
163.84398,140,852.693793
623.412723,1000,855.233462
305.016686,328,855.768444
21.700152,42,855.836825
882.077934,1000,861.162248
130.116535,125,861.369953
505.818714,1000,863.02764
8.588559,16,863.0542
103.921435,126,863.262204
62.135967,66,863.369481
197.960554,238,863.758965
499.905371,1000,872.08431
558.101974,1000,873.735555
374.091736,511,875.484458
86.032327,62,875.587012
111.641476,82,875.722305
24.341574,47,875.799831
17.681144,15,875.824695
357.462045,370,880.119298
545.448903,1000,881.770152
129.314677,104,881.940709
553.043893,1000,884.490551
29.005571,18,884.52054
179.554523,183,888.041686
45.683544,41,888.109224
448.22929,356,888.688196
91.928489,67,888.797341
95.606782,71,888.912909
513.504184,510,890.65806
225.876947,228,891.030528
278.514089,247,891.440767
281.72281,362,892.038226
28.766891,53,892.125588
84.616924,75,892.250256
197.235412,235,892.636015
54.050914,60,892.734951
50.837499,35,892.79225
109.867634,99,896.278492
82.026445,114,896.466451
682.021495,1000,899.006707
241.509058,173,899.28936
236.905027,197,899.610637
205.527751,221,899.973309
173.043369,303,900.472706
300.123727,320,901.002742
367.411252,353,907.36117
57.422054,53,907.448702
210.080243,191,907.76226
35.965681,55,907.85242
34.970231,32,907.904849
7.651503,25,907.945606
224.045735,187,908.251162
670.637494,819,909.592125
53.186744,30,909.641108
48.510934,20,909.673489
638.16566,1000,916.615618
198.156409,177,916.905828
304.772641,306,917.409896
112.036778,119,917.606151
69.474827,81,917.739417
29.095494,16,917.766186
287.24729,204,918.098595
117.004289,91,918.247134
539.441356,555,919.152121
390.250079,532,920.95282
292.10693,234,921.350079
889.43049,1000,926.816278
483.481199,533,928.58728
586.328132,821,929.93984
60.545452,115,930.128348
35.814729,34,930.183668
548.577239,1000,936.574922
269.449456,352,937.155096
195.672507,257,937.577615
179.716568,160,937.838305
587.965858,1000,944.194257
641.481799,1000,946.732041
239.125395,167,947.004107
38.998697,42,947.072494
83.766461,56,947.164748
814.545249,631,948.195084
425.76425,646,954.951089
220.210023,214,955.302886
86.31657,102,955.471406
74.382484,61,955.571971
262.500548,205,955.906525
590.870309,1000,957.557236
420.228162,329,958.992789
749.954542,1000,966.366524
141.833371,144,966.602232
60.875082,45,966.676336
65.219691,39,966.740599
502.746128,421,967.431707
152.015673,137,967.656586
479.763262,504,969.407368
322.36505,377,970.023327
231.094879,163,970.287855
665.472418,599,977.770855
327.60988,325,978.304197
958.23453,1000,980.8773
464.738923,635,986.677622
89.560699,80,986.807926
35.684235,72,986.925589
190.962228,295,987.408364
41.96877,40,987.474347
703.932885,1000,990.062276
234.700789,197,990.386339
307.42582,242,990.782872
592.329948,1000,996.78251
353.549142,442,997.505861
300.688425,369,998.11137
135.762102,94,998.265079
110.40035,105,998.436916
653.007193,673,999.538221
60.131317,50,1000.558195
56.816212,60,1000.656573
844.902746,1000,1007.66473
463.806222,452,1008.407109
299.361877,296,1008.892262
161.359188,228,1009.266542
155.409044,123,1010.391325
89.525825,76,1010.51575
109.053241,85,1010.655422
624.490254,1000,1017.160181
418.858065,459,1017.918799
448.373669,520,1019.681784
925.540596,999,1026.134806
42.449229,41,1026.20377
412.341516,458,1026.952751
846.763527,757,1029.099535
157.250303,329,1029.636661
124.51331,198,1029.960365
795.869669,1000,1035.355635
224.257265,171,1036.567929
130.134629,155,1036.823364
36.563758,32,1036.875644
99.584366,61,1036.975968
232.949863,252,1037.392512
339.254522,319,1037.915563
989.971343,1000,1039.561537
211.850684,196,1040.824729
172.50879,137,1045.880036
161.579038,122,1046.080427
915.723889,1000,1047.717899
100.241471,87,1047.860727
347.658947,211,1048.207679
715.008801,1000,1053.584302
55.508768,51,1053.668115
927.938075,1000,1055.309256
109.510732,105,1055.482033
60.124651,39,1055.545954
917.178723,856,1057.855266
536.117912,674,1064.61483
287.898723,263,1065.045064
171.380682,207,1065.384187
754.489542,1000,1067.953738
261.030377,257,1068.373699
247.224221,202,1068.703657
132.774581,79,1068.832616
641.577171,1000,1075.658722
268.458452,153,1075.909448
431.216096,436,1076.619504
50.195593,30,1076.66817
232.507753,291,1077.14422
19.875412,33,1077.19809
744.680101,1000,1083.777752
85.291318,68,1083.889102
1018.01856,1000,1085.53355
750.267122,1000,1088.073749
925.688919,1000,1093.679078
650.484174,1000,1095.330002
158.664585,145,1096.329649
666.964072,1000,1101.335897
412.367419,279,1101.800394
9.324211,14,1101.823719
317.469526,203,1102.159336
464.884221,492,1103.897886
308.361839,259,1104.325612
26.911317,39,1104.38945
1133.6259,733,1105.58909
422.807432,300,1110.553639
314.565861,197,1110.877199
176.646659,127,1111.085435
1155.133457,1000,1113.62968
1337.227576,1000,1118.785931
32.732231,24,1118.825687
850.34355,847,1121.130561
217.246501,176,1121.417967
128.725577,90,1121.565949
29.865595,19,1121.596913
194.433739,305,1122.095582
582.83084,564,1123.02248
108.948206,60,1123.121084
305.89134,305,1123.621638
37.745908,30,1124.600956
396.520561,377,1130.494042
492.314638,723,1131.684439
731.606656,778,1132.964097
22.168345,36,1133.023212
47.048931,26,1133.065799
28.578905,33,1133.120032
609.904947,719,1137.934044
41.717749,29,1137.981898
683.258338,562,1138.905108
103.43161,71,1139.021452
280.800298,319,1139.546198
176.274719,106,1139.71899
360.136767,333,1141.205199
394.795856,248,1141.611023
824.995873,795,1147.476567
645.44647,1000,1150.036784
600.703826,388,1150.672837
894.371679,1000,1156.605273
179.388268,108,1156.781255
733.171935,1000,1159.349237
805.837026,1000,1160.995288
55.249687,60,1161.094633
369.393669,235,1161.486187
178.933216,131,1166.402036
69.851916,100,1166.566046
68.489036,80,1167.603965
1176.20276,1000,1169.239045
364.737857,315,1169.75315
859.743343,652,1170.824311
510.663842,343,1177.915844
151.554861,114,1178.105052
816.007525,691,1179.237698
273.223764,207,1179.576265
50.474464,50,1179.657593
50.435328,21,1179.691677
487.263253,526,1180.550251
336.016868,197,1181.827132
488.073376,453,1182.56921
5.959193,11,1182.587237
329.384398,258,1187.661079
437.591714,329,1188.203722
138.992445,93,1188.356672
1081.704709,906,1190.768291
188.484026,122,1190.969283
606.990135,407,1191.638549
677.569016,1000,1198.130896
714.719181,1000,1200.694446
389.589491,279,1201.150085
537.08864,338,1201.704832
652.837399,1000,1208.557453
278.195035,228,1208.931669
743.228763,475,1209.708292
486.110395,294,1210.192712
606.630978,446,1210.923669
359.395464,228,1211.29601
70.174831,42,1211.36483
360.195307,234,1211.748154
114.630817,149,1217.217861
1040.698026,1000,1218.856662
410.51328,489,1219.655931
1081.587922,789,1221.851638
72.450082,78,1226.105017
247.599399,288,1226.57962
1118.867964,819,1227.925626
162.250499,134,1228.146495
125.588529,97,1228.306209
988.567299,718,1230.39103
35.696152,93,1230.544078
925.109138,653,1235.348339
1518.730034,1000,1237.912118
42.248265,56,1238.004755
841.786118,1000,1239.641369
569.20846,450,1246.052404
381.9443,311,1246.558505
920.99304,1000,1249.080374
178.970171,178,1249.372261
575.666403,441,1250.09794
683.871948,518,1255.35593
486.032791,288,1255.832585
1273.917953,1000,1257.474553
395.195589,365,1258.073105
1040.897291,1000,1265.549483
806.440349,529,1266.417604
411.308212,256,1266.839314
982.031729,633,1267.878013
30.048493,18,1268.816491
529.397509,550,1269.71928
87.801475,69,1269.832471
27.409186,21,1269.866781
511.777132,290,1275.013665
133.405377,94,1275.167752
679.432853,644,1276.226782
266.409932,171,1276.506845
107.800981,84,1276.644126
280.808424,296,1278.056814
1338.162157,948,1285.133741
1381.517094,1000,1287.674046
731.70725,1000,1289.317835
781.238208,1000,1296.700268
436.47104,341,1297.258184
1452.431449,1000,1298.90445
463.254863,323,1299.433913
994.073289,1000,1306.082952
683.029809,389,1306.72021
938.938163,742,1307.940756
277.182213,202,1308.273585
80.254635,92,1309.191999
649.557065,1000,1315.419168
150.495378,91,1315.568362
875.751474,578,1316.516644
224.24013,143,1316.751855
181.304924,155,1317.011076
769.448584,1000,1323.518154
1234.133133,1000,1325.160517
259.968572,117,1326.269022
295.78199,195,1326.59156
1149.24792,802,1327.909757
911.789116,683,1335.245245
770.106311,1000,1337.805389
398.451468,267,1338.243898
122.480553,69,1338.356471
1048.086742,667,1339.446453
1398.113769,1000,1345.766845
1364.314557,806,1347.093073
834.255026,494,1347.90539
1456.095418,1000,1355.044634
851.848672,590,1356.01729
107.646815,60,1356.116082
474.781664,282,1356.579038
1003.502251,963,1364.392648
592.461941,473,1365.169125
517.459809,410,1365.83984
228.14177,219,1366.197883
1013.518987,1000,1368.742007
359.497739,243,1369.139143
185.718644,121,1373.436983
215.360939,142,1373.668881
448.673066,425,1374.3636
1254.663671,1000,1376.929583
1375.657463,979,1382.352134
891.168269,1000,1384.767992
1641.724179,1000,1386.403595
1535.354326,1000,1395.074886
326.866563,210,1395.416651
370.997301,253,1395.831742
983.396222,753,1397.060683
776.616274,489,1398.774309
102.29442,87,1398.917584
159.730117,125,1399.123442
1218.570878,751,1403.93673
554.232087,381,1404.562513
42.290093,51,1404.646149
395.603676,233,1405.030228
931.461933,522,1406.788026
1234.608124,758,1412.526529
1330.529785,750,1413.752939
1352.940984,1000,1416.320511
301.650978,243,1416.716927
1504.333406,1000,1422.811593
967.755566,883,1425.165456
469.323609,221,1425.526606
431.446617,280,1425.985113
939.777412,1000,1433.533403
1124.492766,753,1434.770427
1197.799643,750,1435.999908
1010.524309,1000,1443.418388
1889.93094,1000,1445.059324
205.081023,165,1445.331388
284.884661,215,1446.573442
636.888806,398,1447.229491
723.917048,710,1452.830553
796.276432,485,1453.624033
747.899998,1000,1456.205377
1464.110604,974,1462.430623
566.55796,346,1462.997469
158.512122,137,1464.165761
1682.492646,1000,1465.807599
1638.642848,1000,1472.249258
195.172892,106,1473.326999
971.185476,1000,1474.965567
154.691987,70,1475.080342
1655.054215,994,1482.253601
212.494156,119,1482.44787
1606.658809,1000,1484.082103
573.47304,308,1484.58556
1655.960189,1000,1491.059444
303.797862,173,1491.342422
1761.953611,1000,1492.975205
1042.785005,565,1494.804191
1741.416957,1000,1502.460179
630.71562,332,1503.002153
1562.684938,1000,1505.449088
160.988414,117,1505.639933
506.074296,359,1506.230586
1803.936167,1000,1513.439996
1527.956646,1000,1515.822654
359.068644,222,1516.185924
290.917349,158,1516.443209
114.450222,69,1516.555964
1398.430185,947,1522.815488
833.420766,608,1523.81094
140.496616,137,1524.035283
1032.392695,535,1524.909573
315.349077,155,1525.163907
1282.271883,796,1532.048931
767.880849,1000,1533.686979
943.792199,521,1534.53921
1171.127006,663,1536.520129
1165.032939,675,1541.205722
465.115736,247,1541.610488
359.600744,188,1541.919615
415.130034,225,1542.288015
34.203215,18,1542.317325
1146.816741,692,1544.375844
245.287217,163,1544.644203
909.28325,1000,1551.298931
22.42379,28,1551.345171
121.196629,61,1551.446353
102.597241,70,1551.561212
57.536419,48,1551.639396
279.061343,160,1552.830878
1655.364032,1000,1554.473018
758.385558,1000,1560.677294
881.151876,464,1562.186088
637.804213,328,1562.723953
266.39739,208,1563.066401
1772.57123,1000,1568.148467
127.623474,80,1568.279742
110.693301,65,1569.136511
1631.78481,1000,1570.768327
596.384729,353,1571.344956
580.864224,350,1571.917396
1232.607886,776,1579.469406
1381.109358,637,1580.513802
328.813119,245,1580.915922
711.09911,376,1581.550056
2032.124896,1000,1583.938788
489.187473,248,1588.74332
451.962439,251,1589.159946
761.223456,423,1589.857717
952.016439,1000,1592.412987
502.580412,300,1592.903945
501.94174,241,1593.29794
1041.958087,572,1599.820238
1703.232465,996,1602.374622
253.655354,154,1602.627107
31.573519,27,1602.671464
1039.233192,569,1603.606748
732.488705,1000,1609.468667
166.013191,75,1609.591703
308.217448,193,1609.90783
660.13281,385,1610.53643
359.638753,251,1610.945936
1071.583046,564,1611.872389
1124.222042,567,1617.947255
1620.171561,1000,1619.587937
67.111008,42,1619.657017
1333.463441,633,1620.694414
121.424785,74,1621.740678
708.924831,1000,1626.920062
679.267359,386,1627.553896
1061.926296,533,1628.426648
692.71677,349,1629.929786
434.772035,204,1630.263703
363.567607,162,1630.528313
30.778444,19,1630.559486
102.250913,67,1630.66861
78.134773,66,1630.776478
394.933409,249,1635.729002
387.282155,179,1636.021274
1243.128429,1000,1638.603706
1794.166047,1000,1640.2371
1277.553291,621,1645.709315
1483.517069,747,1647.843761
1273.19917,613,1648.853278
227.007523,111,1649.035895
14.069411,20,1649.069192
813.911912,433,1649.775757
949.172409,509,1655.591738
1136.440112,1000,1657.243532
773.735355,357,1657.830478
263.911911,157,1658.089455
272.660084,128,1658.297983
1424.440675,642,1664.365628
603.273101,302,1664.860105
550.916571,325,1665.394591
1616.038799,820,1666.741888
1502.698496,833,1669.019222
1721.351247,1000,1675.608017
1496.02603,699,1677.663148
581.949001,293,1678.144804
628.843266,324,1678.679049
338.370653,182,1678.977928
1223.687429,565,1684.191911
633.907527,1000,1686.779037
309.880256,154,1687.031684
1363.31336,1000,1691.724013
1474.043533,1000,1694.287952
1977.395354,1000,1695.926516
790.117415,1000,1701.927154
99.628394,63,1702.030391
2120.16725,990,1703.652573
872.405206,424,1705.264299
2061.940561,1000,1710.975239
104.837771,63,1711.07955
776.229956,417,1711.764558
1169.659676,547,1713.530103
66.717932,35,1713.587288
271.022396,105,1713.75946
55.948007,31,1713.810783
212.778384,92,1713.962055
160.028091,95,1714.117238
45.553422,32,1714.169754
916.335076,421,1714.856429
1987.927828,1000,1721.309433
299.277299,131,1721.525172
73.639178,47,1721.603184
814.573108,453,1723.277655
989.446653,1000,1724.927086
929.535521,397,1729.685624
1166.462342,1000,1732.224956
1050.971957,455,1732.972639
753.986444,1000,1740.255215
1538.843611,837,1741.626147
303.613183,134,1741.845908
1184.587506,568,1742.781548
790.244499,371,1744.295794
95.682233,61,1744.394894
847.425684,369,1747.498309
645.397407,328,1748.032435
738.995599,357,1748.615506
1846.815905,1000,1751.188266
1352.11137,679,1755.383617
1096.506965,491,1756.190228
669.927521,340,1756.746546
165.245666,93,1756.897882
500.841098,214,1757.249143
103.349811,71,1757.365519
1866.787765,1000,1759.954304
53.828035,33,1760.009068
1595.314566,1000,1764.694755
1131.024635,1000,1767.261776
1673.981162,1000,1772.128207
179.025468,85,1772.266733
1482.380864,681,1774.28101
943.72901,413,1774.954145
696.703146,382,1775.580584
239.166421,134,1775.799901
498.003819,212,1776.147833
787.69703,398,1782.018665
841.823385,1000,1783.668978
281.252444,218,1784.026441
2048.004389,1000,1786.590888
1584.042358,1000,1790.625759
1600.090506,738,1791.83622
872.376323,1000,1797.722435
874.205297,417,1798.407573
68.144985,33,1798.461342
759.647625,1000,1800.857874
564.166544,320,1801.38087
-1.30104,13,1801.402087
555.249472,218,1801.758328
573.485964,237,1802.145516
1131.807293,1000,1809.314162
890.484261,412,1809.9863
527.597597,295,1810.468209
1141.860753,547,1811.36151
1469.573988,1000,1817.771651
1295.353331,628,1818.803595
1586.618421,721,1819.986306
944.236843,493,1821.670221
485.154356,219,1826.120542
907.588724,438,1826.840962
1174.493875,1000,1828.490983
320.020325,153,1828.740882
1376.97658,1000,1835.736281
953.334595,1000,1837.384847
754.946837,346,1838.702303
282.428032,126,1838.908493
2296.360029,1000,1845.473286
706.636891,343,1846.036166
843.273395,464,1847.718177
1628.753286,1000,1849.354451
838.07065,503,1850.172748
636.037248,386,1854.800414
1419.926522,630,1856.765184
323.01057,143,1856.998693
910.212544,1000,1858.641773
1125.728635,1000,1864.731622
1455.397773,1000,1866.3829
1009.912686,1000,1872.842893
1088.906733,1000,1874.487262
808.285344,327,1875.024238
1153.576902,503,1876.767894
985.42435,463,1877.525696
979.709472,1000,1882.700253
1722.698354,737,1884.823336
1226.366594,530,1885.692481
1894.791694,1000,1892.049417
492.945676,196,1892.368134
538.771964,243,1892.7623
664.785547,314,1893.274775
1626.498072,769,1894.534304
455.989265,190,1894.845491
946.33707,456,1902.217293
795.047719,353,1902.797652
2327.094903,1000,1904.432983
12.838909,17,1904.461007
1501.680909,682,1906.490131
926.966742,406,1911.452341
1782.990286,734,1912.652323
2440.741855,1000,1915.195052
1559.009828,1000,1921.040992
2430.203898,1000,1923.587086
451.363099,250,1923.992974
535.066612,209,1924.337221
916.716524,352,1924.916152
1454.013206,1000,1931.70286
1275.280334,579,1933.554143
616.558117,310,1934.060383
326.169862,140,1934.29055
2049.675129,794,1941.150373
1528.926372,647,1943.157913
176.49806,88,1943.301442
1441.896884,642,1944.352252
2460.441116,1000,1952.277971
2360.415022,1000,1953.926044
341.356138,127,1954.134767
1630.216208,738,1955.341416
1968.601179,798,1962.863843
1153.041629,1000,1964.503776
83.067493,34,1964.558881
1291.71342,1000,1966.938368
1066.447873,588,1972.58832
672.858412,303,1973.082423
1395.10421,662,1974.916582
1255.64378,490,1975.715424
522.892434,212,1976.063134
1818.235272,760,1982.035464
479.285833,193,1982.350397
1295.688973,1000,1984.754634
1124.661823,554,1985.662612
1144.323869,1000,1992.431745
2286.439573,1000,1994.061558
604.438198,238,1994.453508
342.211306,158,1994.71113
242.154741,113,1994.893934
360.650563,138,1995.117753
581.449342,272,1996.307821
2079.195576,879,2003.550739
1554.921411,721,2004.732769
788.582218,326,2006.176106
1632.790128,633,2007.21632
404.92572,203,2012.968663
2460.688614,1000,2014.597859
2590.262187,1000,2017.130408
2338.804626,1000,2023.876204
958.851353,1000,2026.281194
932.72955,1000,2034.365511
1410.01447,540,2036.178715
948.936238,391,2036.8228
1515.144757,622,2037.844521
2053.05336,1000,2045.14186
1517.809752,1000,2046.77436
28.734637,27,2046.818421
1245.727575,1000,2049.301565
1499.179239,618,2056.366812
999.418988,1000,2058.005682
81.581069,39,2058.069106
2239.565563,1000,2060.5596
419.291745,167,2065.606048
2537.867729,1000,2067.236819
1006.45174,387,2068.616777
1279.108021,528,2069.478593
2235.502238,1000,2076.228029
2493.993325,1000,2078.773191
2300.371991,1000,2084.887324
2724.268445,1000,2087.263715
92.808176,66,2087.372131
1214.546902,508,2088.201524
2459.543716,1000,2094.232437
2565.736719,1000,2095.874982
2618.706117,1000,2098.431026
76.45732,53,2098.517336
1301.49692,604,2103.001265
2423.95481,1000,2104.638705
2647.849178,1000,2107.181425
1201.972179,1000,2114.28119
1913.120293,801,2116.337654
266.500902,111,2116.519467
1927.041153,814,2117.849423
1172.904444,1000,2124.385781
327.819485,106,2124.558702
1829.315455,696,2125.685569
2027.864304,803,2133.242449
1273.668662,506,2134.065085
1740.674145,702,2135.213056
2646.428287,1000,2137.744996
2228.415056,1000,2143.838866
723.627333,271,2144.281006
1715.826466,1000,2146.835814
1243.688853,1000,2153.728652
966.250668,1000,2156.288313
1509.647918,1000,2162.965833
653.844064,244,2163.364689
1452.680192,542,2165.177474
1740.549632,1000,2166.816464
1405.864121,493,2167.622161
711.446355,276,2172.500134
1484.747071,1000,2175.045323
844.337798,1000,2176.686846
2284.010212,1000,2184.366336
2298.57912,1000,2186.007335
1606.801973,1000,2194.099485
707.503977,323,2194.623365
1911.638821,1000,2196.24831
1433.196736,535,2198.061385
114.267109,68,2198.172633
2547.082503,1000,2204.454858
1210.243708,462,2205.211176
742.026566,283,2206.600922
1765.375774,682,2207.71137
926.815194,1000,2215.751509
2370.567245,1000,2218.329173
2494.278111,1000,2219.96019
735.247119,296,2225.715941
2039.912534,772,2226.981034
2560.032581,1000,2228.615542
1071.546223,1000,2236.973716
954.978899,1000,2238.613702
2470.749521,1000,2246.74107
2594.874924,1000,2248.365005
2427.721754,923,2250.769782
1028.54574,357,2251.353528
2118.364654,720,2257.212852
848.188213,366,2258.717598
2397.967002,1000,2260.346173
1163.890664,1000,2268.543947
2373.026819,1000,2270.167838
945.066797,376,2270.779447
2787.014184,1000,2278.331379
942.738928,1000,2279.971074
765.245179,294,2280.44695
454.277243,161,2280.707064
1414.538952,1000,2287.802409
2177.883727,849,2289.179173
2517.338289,1000,2291.556092
2381.612135,1000,2298.702398
1210.246984,464,2300.359992
1197.313415,490,2301.177732
579.704571,304,2301.67772
1071.371338,1000,2308.087799
2527.53824,1000,2310.489713
899.013698,1000,2312.12083
897.771959,378,2318.044723
2533.787376,1000,2319.673365
991.978358,364,2320.267588
2505.427291,1000,2328.660795
2900.29243,1000,2330.290436
1510.898187,576,2331.224888
1185.212185,449,2332.862316
2989.583785,1000,2340.023898
470.339733,194,2340.342647
2094.428109,749,2342.465998
2741.618252,1000,2349.495282
1362.558159,1000,2352.061415
1920.827612,720,2353.23751
2616.776032,1000,2360.351642
1149.789581,1000,2362.919525
2628.621217,1000,2364.545342
2264.069716,1000,2373.476773
24.550195,34,2373.531583
1346.949264,517,2374.372413
2364.555725,851,2376.672361
2080.903851,1000,2382.077892
2816.361149,1000,2384.617919
734.731801,1000,2391.057621
1460.61101,491,2391.855931
1169.483574,1000,2394.270252
995.031747,381,2394.887845
2701.366996,1000,2402.19117
2591.91118,1000,2404.741664
2839.842233,1000,2411.243513
2163.631378,1000,2413.779788
530.788033,197,2414.103649
505.963437,187,2414.408145
2072.673718,740,2415.60689
2323.570564,1000,2423.416401
2803.201847,1000,2425.037221
44.675257,33,2425.091529
338.23819,148,2426.231513
312.906992,122,2426.43068
2605.701863,1000,2432.876549
1175.513527,1000,2435.448529
1180.294842,1000,2437.075604
138.509355,83,2442.453653
2044.186697,759,2443.687382
2526.695116,868,2446.031654
324.878946,128,2446.239566
2797.526921,1000,2453.329432
2564.102694,1000,2455.866409
526.966914,186,2456.1686
1009.785776,1000,2458.706394
690.638603,1000,2463.268508
458.003351,176,2463.554646
38.318105,31,2463.605305
2791.191151,1000,2466.168019
2634.812233,1000,2473.721567
2953.992458,1000,2476.256821
304.089518,113,2476.440429
497.522013,198,2476.761292
207.209584,86,2476.901083
1587.6944,1000,2484.318145
674.366858,250,2484.721167
2908.89465,987,2487.267677
2851.168526,1000,2493.576405
1909.625969,658,2495.553381
41.909829,32,2495.605413
2827.064343,1000,2497.218877
1046.432785,416,2497.891514
92.088222,47,2497.96803
1687.454578,643,2504.869701
1795.091776,689,2505.993889
1702.55545,631,2507.019602
1195.119224,439,2508.675124
894.273839,1000,2516.132347
829.104142,1000,2518.520403
831.875373,282,2518.979861
359.865776,143,2519.211838
2763.895241,1000,2525.733106
1204.950791,1000,2528.247987
1088.284982,1000,2535.92214
217.334071,72,2536.038998
3020.457548,1000,2538.598442
864.964264,1000,2540.240656
688.620639,225,2545.217653
1364.190342,511,2546.939909
2422.730478,791,2548.226788
29.928493,31,2548.277773
977.031219,333,2548.823322
413.838767,147,2549.0652
391.229446,147,2549.305774
2304.025596,752,2556.683238
109.253882,49,2556.762406
1167.57572,1000,2558.405927
2886.185464,1000,2560.903439
1348.64599,1000,2567.21046
2545.768323,844,2569.50685
1605.835828,530,2570.368044
3108.007988,1000,2577.37362
68.229105,53,2577.460474
1824.319148,628,2579.413713
2976.533998,1000,2581.032987
18.499825,17,2581.060859
395.005895,151,2586.982749
2889.016966,1000,2589.527462
578.148676,189,2589.834568
2954.778293,1000,2591.461937
625.346121,181,2591.756322
1733.878387,594,2598.895667
751.163015,1000,2600.530868
2873.112946,1000,2608.964405
610.948795,249,2609.368947
69.451969,34,2609.424536
3010.104341,1000,2611.051974
1453.037804,1000,2613.433042
2986.563714,1000,2621.273813
441.181753,143,2621.504663
2255.451829,811,2623.563795
2580.298076,1000,2630.769258
2659.267735,1000,2633.331413
1600.632343,1000,2634.968945
832.432943,1000,2643.10715
2730.10691,1000,2644.738182
1320.049533,452,2645.469513
2291.758545,729,2653.048111
3041.799851,1000,2654.670936
3068.396714,1000,2657.045075
2547.196277,1000,2662.860812
349.495537,150,2663.104626
2782.555381,1000,2665.473377
2937.974854,1000,2672.637676
1881.29716,1000,2675.030012
595.398296,208,2675.371343
1100.501611,373,2675.983361
525.809482,203,2676.314861
2975.946066,1000,2683.589434
2477.626922,791,2684.872936
2513.817499,1000,2692.257924
1531.499382,485,2693.810174
1398.433774,1000,2695.439911
2799.449973,1000,2703.968368
1948.978498,679,2705.076377
2717.222247,996,2707.62025
2419.97205,840,2714.62166
3073.300457,1000,2716.238334
2944.751913,1000,2718.797096
262.969952,87,2718.93925
1529.270658,537,2725.273137
1512.332607,500,2726.084882
2898.912304,1000,2728.625787
3014.303481,1000,2734.963263
441.055521,134,2735.179905
3073.803719,1000,2737.712529
3065.810037,1000,2739.329249
1066.59545,1000,2747.113152
650.498229,223,2747.478027
3142.720931,1000,2749.847489
2303.290375,722,2757.296277
3000.264147,1000,2758.936781
470.317248,147,2759.180141
