#{"t_start": 1787418215.14838, "env_id": "Walker2d-v5"}
r,l,t
18.974614,32,6.585344
0.289926,15,6.644067
-0.182053,16,6.710561
9.932817,42,6.882398
-0.022214,16,6.948407
2.997085,29,7.0661
-4.048685,14,7.121348
-3.457845,10,7.160965
-1.439939,21,7.244464
1.348399,18,7.315156
-9.069743,10,7.35575
-8.009177,16,7.418428
-13.528412,19,7.492597
-1.374689,15,7.552224
-6.365732,19,7.627508
-1.821188,14,7.682165
6.768386,23,7.774718
2.091426,23,7.866721
1.324538,18,7.934465
0.57557,16,7.995826
-3.31408,23,8.083572
-0.087959,21,8.143451
0.296888,18,8.18909
-6.513727,13,8.221789
-4.734855,32,8.302074
10.853218,37,8.392681
4.558047,29,8.463082
-4.021785,9,8.485276
-2.673861,22,8.540324
-6.580485,12,8.569628
2.040545,18,8.615126
-1.351704,15,8.649875
-4.935608,21,8.698739
-0.495118,20,8.745615
5.788891,36,8.829389
0.850885,12,8.857097
0.509538,18,8.901961
11.976762,47,9.008305
-2.405863,13,9.037928
10.781526,30,9.106219
-6.554295,13,9.134214
-3.9627,13,9.162863
-7.319634,35,9.238919
2.64352,18,9.27948
-4.469594,11,9.305056
-12.92499,19,9.347895
1.119331,23,9.399583
-5.143451,23,9.451989
-1.868772,28,9.516586
1.41305,14,10.925185
-4.083526,26,10.989242
1.018904,29,11.059774
-6.784101,17,11.101285
-5.265656,17,11.139577
5.396811,22,11.187852
3.638372,23,11.23848
4.017045,22,11.286574
4.166225,22,11.335019
3.541633,28,11.396679
-4.846119,19,11.437642
11.646336,28,11.500004
-4.009306,23,11.552425
3.171488,19,11.595272
5.844193,16,11.63464
-2.692163,9,11.65548
7.081792,21,11.703509
1.294944,24,11.759253
7.321122,38,11.845028
0.111352,18,11.885308
9.365429,32,11.957961
-3.662711,20,12.003327
10.687071,26,12.064618
6.086666,23,12.11807
1.260656,21,12.166554
1.55707,21,12.213608
13.913593,37,12.298455
-3.983541,18,12.339695
7.263901,27,12.404204
15.906402,34,12.481739
3.181404,25,12.536937
-7.852343,22,12.587445
-6.089724,11,12.613396
2.986902,17,12.652277
7.552184,33,12.730843
14.447136,25,12.791143
-6.57716,22,12.843227
0.662558,12,12.871342
0.283343,10,12.895548
4.678906,21,12.944487
5.433963,27,13.005604
3.057086,22,13.06159
-5.369019,12,13.097357
-0.440423,14,13.13896
-6.498761,21,13.197037
6.275801,22,13.256279
2.424772,15,13.294854
-7.696421,10,14.166331
18.543387,57,14.259952
8.314011,30,14.312191
4.150421,22,14.346556
-5.434116,10,14.362397
19.397173,40,14.424098
1.157922,13,14.444573
0.258809,21,14.475334
-4.46348,12,14.494041
12.756916,32,14.541655
0.043318,11,14.555161
0.548057,24,14.585009
3.920435,26,14.619533
4.68676,22,14.652107
0.066039,18,14.676668
-0.227156,15,14.701603
-5.574172,10,14.715151
-2.054779,27,14.753181
-3.243017,22,14.779835
-10.65799,15,14.798336
24.165359,36,15.698712
11.105542,40,15.752769
-9.632104,16,15.77379
4.781018,21,15.802241
0.319941,11,15.817475
-0.046184,15,15.840774
12.060105,21,15.871006
4.296836,29,15.91431
14.102518,34,15.958365
16.596463,42,16.009754
13.6368,43,16.061743
5.397841,29,16.098174
3.178936,22,16.127125
-2.254238,13,16.144241
1.841897,13,16.161205
1.547219,15,16.181224
12.983022,56,16.254717
3.818216,14,16.273414
14.411784,32,16.313818
100.419698,82,16.413671
5.703877,22,16.935292
10.767405,21,16.962275
84.15704,115,17.106242
0.862641,21,17.132114
-0.813918,17,17.152781
-1.908453,16,17.172762
3.495858,17,17.193495
59.457008,79,17.293535
5.687761,17,17.315809
-0.637802,17,17.33744
13.672546,32,17.378726
1.12326,19,17.40347
35.547008,65,17.485664
10.061392,41,17.535309
25.33845,50,17.597584
-6.032488,12,17.613152
3.804785,42,17.667345
-0.427113,15,17.687304
45.153902,70,17.778608
-1.929361,11,17.792839
28.850933,62,17.871746
-2.524802,12,17.886319
9.422697,39,17.934289
-3.431178,19,17.957399
-3.010287,12,17.971771
20.764905,37,18.016778
5.190218,21,18.042319
-0.098796,12,18.057881
101.191957,97,18.186065
9.384261,76,18.810773
287.986831,176,19.041293
-1.908418,14,19.058259
4.298528,16,19.077658
7.889558,29,19.112817
18.37589,65,19.191617
15.339821,68,19.280432
29.339693,53,19.351302
29.977741,43,19.409314
1.682137,12,19.425725
9.384266,30,19.464633
42.224885,55,19.536599
12.686982,35,19.58172
9.75254,33,19.625
88.10673,96,19.751303
44.962535,77,19.854964
10.962688,25,19.88869
41.447768,52,20.873025
11.751988,47,20.932342
73.371704,107,21.586757
29.925557,53,21.654763
49.055791,70,21.744557
-2.279898,12,21.759975
28.115559,55,21.83044
23.191603,44,21.888932
10.961066,28,21.925682
23.446519,61,22.003959
140.454676,162,22.214953
20.531912,104,22.348442
40.759497,131,22.5098
107.544972,172,22.736621
318.311346,175,23.409532
58.749739,82,23.51295
47.348002,101,23.636813
113.932638,187,23.875375
63.446308,178,24.10184
275.732021,185,24.340455
128.069396,102,24.469767
318.841918,383,25.361757
66.47502,119,26.508479
305.708299,217,26.790218
49.335066,98,26.925471
283.763434,166,27.13453
4.90639,34,27.17871
19.230578,50,27.241671
576.326062,721,28.555269
138.563853,135,28.729828
273.599291,185,28.969437
160.095196,250,29.741912
277.650092,188,29.983298
382.685765,516,31.812547
337.833402,237,32.608714
276.974012,182,32.850339
274.875453,154,33.052012
345.040739,215,33.34681
261.524228,146,33.545717
231.513743,145,33.742227
326.306436,235,34.534744
280.80836,187,34.789113
318.211112,183,35.028978
321.48782,194,35.279143
269.988955,161,35.500244
249.686594,139,36.17487
139.03542,251,37.512157
252.871917,139,37.69067
286.04479,158,37.897188
308.066825,190,38.14421
362.935351,220,38.419534
240.030546,128,39.108004
217.382894,108,39.248991
328.482602,200,39.506775
209.361356,146,39.693092
484.341258,383,40.186498
223.78692,119,40.808033
288.550631,156,41.010483
140.752691,214,41.285811
105.376405,211,41.555777
372.993712,243,42.821287
234.799717,124,43.010867
380.553782,292,43.948391
203.235085,102,44.08669
191.302462,112,44.262411
238.544087,131,44.476859
211.944801,115,44.632322
241.486745,124,44.794276
330.362698,404,45.899571
264.12481,137,46.077626
69.339598,149,46.312699
312.851427,189,46.63633
186.758064,97,46.777708
241.142633,120,46.954538
302.788997,165,47.833589
290.350866,168,48.997668
268.184052,169,49.237141
204.446452,110,49.396592
248.776961,152,49.598922
199.083342,103,49.738447
268.594577,153,49.97732
298.132529,174,50.731331
299.02779,157,50.940607
365.568166,232,51.25633
512.982326,393,51.771568
108.620687,213,52.536916
190.074769,101,52.667169
275.860524,161,52.882005
377.538654,251,53.223635
273.979964,144,54.254817
275.873686,153,54.460801
271.086853,139,54.645274
237.112611,133,55.232575
181.286553,90,55.349576
303.352206,170,55.572352
221.309918,106,55.712708
288.372947,161,55.923739
333.602838,210,56.199434
158.786411,84,56.313118
190.186612,99,56.44319
262.988951,150,57.075948
167.022064,88,57.191837
215.590729,118,57.347315
292.892609,162,57.560941
261.660587,147,57.755468
295.350259,170,57.981431
279.565888,173,58.211351
320.874294,191,59.78373
232.052696,127,59.952721
353.382063,223,60.250238
246.854466,133,60.426318
233.36203,121,60.585653
340.45862,201,60.85272
272.8172,134,61.510685
329.238273,188,61.759913
255.451302,130,61.93251
317.282867,201,62.201751
204.38064,105,62.345197
310.89682,188,62.602264
254.345516,136,62.788436
281.715095,154,63.531692
302.342514,159,63.746134
361.136838,204,65.071904
284.203547,150,65.281496
313.511886,173,65.558822
375.646884,239,66.493365
349.929293,189,66.75924
199.18574,94,66.883364
331.749469,182,67.120501
244.164887,122,67.276765
374.40905,222,67.564265
372.552097,199,68.353576
259.786994,125,68.515334
253.12863,135,68.68829
323.801904,175,68.914508
291.984214,154,69.112046
240.690099,126,69.273646
301.083833,160,70.457484
351.334833,191,71.194275
205.226416,116,71.344041
318.214916,175,71.57035
308.27665,164,71.782073
320.551843,160,71.990656
323.244278,195,72.242345
304.453464,171,72.953377
278.994449,130,73.119437
285.761124,143,73.304088
272.699553,133,73.476147
296.664901,155,73.675603
230.951051,110,73.822619
339.99747,174,74.054277
292.659346,150,74.25125
300.760619,142,74.922038
349.933939,174,76.242196
268.980243,128,76.436643
259.593379,126,76.66196
306.525943,159,76.881821
356.447254,185,77.171372
420.71338,238,77.956694
341.881682,181,78.213298
330.435771,181,78.496304
310.037478,149,78.692931
328.931016,159,78.904222
352.628355,194,79.189871
257.689521,122,79.743411
254.04494,121,79.900978
294.131379,151,80.115992
332.589727,148,80.324835
393.693453,194,80.585037
384.90688,210,81.903753
434.866687,234,82.744676
347.974669,170,82.975957
347.832726,177,83.218188
349.316484,171,83.477648
388.022026,221,83.900725
320.319239,153,84.158647
323.597929,167,85.200242
370.760895,197,85.543809
298.27568,144,85.743485
290.169914,142,85.937763
347.66578,165,86.19422
323.349285,158,86.43516
282.215739,135,87.249596
309.947949,156,88.561208
361.028339,194,88.855568
361.415458,192,89.128002
345.735754,153,89.333043
359.912227,191,89.587238
412.068823,216,90.389305
341.337439,175,90.623332
373.352311,195,90.885618
277.017547,140,91.077275
317.228355,146,91.304766
353.769556,176,91.555686
418.064215,221,92.40745
214.976572,104,92.546786
337.524156,169,92.800045
281.054104,128,92.973737
315.585576,147,94.163001
334.588603,157,94.377845
370.061062,185,95.055498
295.801449,144,95.245785
323.089788,149,95.445546
351.046129,161,95.666892
456.46578,267,96.021729
361.049277,168,96.242436
327.490194,168,96.945533
398.246247,207,97.241425
331.901876,149,97.44185
334.162459,154,97.659503
355.337446,174,97.905799
384.798723,192,98.161594
338.825163,147,99.822541
337.50691,153,100.027784
326.932048,163,100.245781
365.497509,176,100.480033
347.626072,156,100.685725
403.368427,190,100.945946
361.764682,176,101.617435
350.294808,168,101.869487
340.829575,172,102.100441
361.974938,164,102.319772
341.866556,160,102.533074
453.011989,203,102.802596
298.974241,150,103.501075
377.479293,180,103.741116
335.436745,161,103.955194
394.578908,188,105.282339
336.843597,150,105.480441
362.654077,159,105.720566
393.96688,205,106.551766
361.140565,159,106.768952
290.658875,133,106.983811
362.942553,169,107.238106
339.499078,149,107.466543
342.557754,153,107.686341
333.348101,150,107.896873
351.850418,150,108.70645
382.876118,189,109.020576
291.993122,139,109.252469
287.140944,129,109.484502
307.70977,134,109.687985
404.363305,194,109.948915
313.908938,140,111.631051
321.821372,144,111.855484
351.790848,144,112.059432
353.546481,171,112.323748
411.721913,193,112.608579
408.712713,196,112.910865
383.949148,180,113.622332
371.037002,168,113.880032
312.968663,154,114.088995
385.85644,199,114.390501
332.359104,138,114.579872
395.280667,178,114.846549
393.927598,164,115.086381
279.315143,124,115.750021
364.288192,155,115.967698
367.999486,164,117.291381
315.459885,140,117.487972
405.146409,179,117.760925
448.810985,226,118.077813
389.969793,172,118.782207
335.819477,146,118.9927
362.494116,147,119.196723
431.913455,164,119.424802
352.732779,147,119.632792
309.257548,148,119.85228
408.975963,174,120.65596
371.863796,157,120.885092
388.818989,160,121.108024
399.340342,174,121.375777
350.23107,164,121.610438
442.381266,222,123.025287
388.511868,179,123.735204
387.539404,165,123.964152
379.395354,167,124.194061
348.192169,144,124.407879
289.13038,129,124.588561
322.730051,132,124.782761
310.662475,140,124.97602
400.627431,158,125.642283
445.234619,194,125.936059
392.617485,169,126.185645
370.289341,166,126.413146
338.398017,158,126.650419
434.003962,181,126.928768
394.461248,153,127.635306
328.683946,134,127.836731
418.171772,170,129.242462
401.987626,167,129.480388
342.23616,136,129.683818
456.108915,196,129.96461
375.654807,160,130.662743
408.317223,170,130.946915
383.448054,146,131.194648
366.362854,140,131.440017
374.399667,158,131.673764
358.106111,162,131.898595
376.959565,152,132.114138
316.352854,143,132.75874
361.464736,146,132.965172
392.965786,152,133.180127
376.721406,140,133.391852
370.378432,146,133.598146
347.378044,138,134.841763
375.380348,150,135.045855
315.758717,124,135.688747
376.105206,153,135.898116
539.531192,229,136.204614
466.578712,210,136.48696
402.338593,156,136.694021
306.155503,134,136.878323
328.342491,147,137.562251
425.630504,158,137.782201
319.557212,150,137.987828
389.721094,150,138.189842
298.808821,133,138.365734
404.679317,170,138.598002
412.905736,161,138.81746
263.451345,111,139.369968
440.389829,192,140.652246
409.657898,167,140.882018
355.780644,151,141.089017
339.837677,132,141.270295
395.915768,153,141.478698
391.278878,158,141.690677
388.405535,149,142.299849
381.346675,152,142.51247
424.673982,167,142.753023
439.441674,183,143.071573
413.233729,161,143.385417
445.300408,183,143.751018
377.478024,157,144.581074
382.245145,155,144.854429
494.144637,207,145.206135
403.687809,152,146.534186
394.224578,153,146.860486
469.835139,164,147.138741
402.543308,155,147.875709
441.617506,184,148.144586
362.642459,137,148.341825
456.76071,214,148.663722
443.723723,165,148.966508
369.602268,148,149.338012
340.797043,133,150.181816
520.8718,220,150.532382
519.845353,204,150.886159
474.336655,185,151.213322
380.995101,140,151.465685
452.26004,167,151.778958
405.374965,151,154.158293
439.119567,169,154.48278
464.185255,187,154.87136
409.177102,159,155.163289
406.862645,162,155.546829
335.029806,141,155.893782
391.406597,151,156.931562
406.054994,154,157.202403
401.775725,155,157.495855
521.437995,184,157.817533
415.627062,160,158.115571
392.246654,146,158.370483
501.485134,179,158.703241
476.316854,187,159.724825
317.966528,126,159.947098
445.743552,166,160.236346
426.096494,161,162.012617
465.181386,161,162.304622
409.075394,159,162.610323
435.750501,183,163.772299
483.28097,173,164.086508
384.196417,158,164.425776
395.380521,154,164.75953
438.707279,161,165.084486
403.756442,148,165.356018
328.41219,128,165.625769
417.281242,159,166.637949
367.458886,150,166.903833
301.851992,128,167.196209
452.83374,165,167.539738
473.740814,169,167.861032
384.385218,142,168.129444
533.356847,181,170.698983
387.739602,141,170.974127
394.584796,148,171.256451
412.242375,148,171.535617
396.361897,152,171.827642
366.727925,150,172.104497
480.927349,160,172.406386
574.966804,190,173.581122
422.023133,152,173.913955
486.593246,164,174.182324
429.436623,155,174.444339
496.537263,179,174.747898
444.621652,163,175.025459
586.995276,187,175.874395
489.970032,166,176.134313
385.100129,141,177.965796
429.979138,149,178.238328
442.04074,164,178.541706
463.320725,178,178.851388
532.82208,203,179.90415
476.424284,167,180.204522
538.161958,177,180.531382
476.387703,172,180.846961
446.528815,163,181.144455
401.02231,150,181.421447
490.622161,174,182.386484
559.590404,196,182.759263
504.632333,190,183.111073
413.771486,153,183.387285
506.31277,175,183.716836
511.402041,187,185.591165
591.190835,220,186.438821
485.047905,175,186.720017
519.545472,187,187.010784
350.610448,142,187.249787
572.862387,185,187.538187
471.096452,181,187.814669
541.815025,197,188.626042
530.074799,185,188.952078
512.161358,177,189.277017
583.289947,189,189.615668
516.061132,183,189.927266
393.12828,153,190.944668
581.658534,207,193.169809
577.189919,200,193.516794
436.068435,157,193.805348
463.552084,177,194.141659
443.69427,164,194.455465
468.433438,159,195.511424
507.420206,176,195.832162
607.027822,201,196.214797
597.391119,200,196.578702
498.95674,187,196.938861
538.439995,187,198.126305
600.903389,193,198.489243
545.838965,190,198.86767
404.872385,159,199.136239
456.624526,171,201.290568
549.743867,186,201.623039
566.416442,189,202.397032
496.995454,181,202.662027
423.361343,155,202.88353
556.761393,192,203.156236
585.772139,194,203.423348
632.790588,220,204.155114
624.881162,211,204.449331
610.138645,207,204.741989
631.200416,209,205.035082
577.434249,204,205.318038
563.702061,191,205.583975
606.026753,210,207.96242
494.434737,176,208.246374
623.014623,192,208.517267
625.685583,199,208.791562
573.064799,195,209.060441
527.333923,180,209.771307
538.396448,173,210.020559
637.513861,215,210.333028
591.988106,186,210.681007
566.635052,186,210.969517
680.5856,226,211.712456
628.806043,203,211.996913
617.479517,196,212.26756
525.414298,177,213.913431
561.461105,188,214.17208
626.424713,199,214.862771
644.402582,218,215.164122
544.505979,192,215.426963
552.890802,180,215.675244
590.448597,196,215.946139
481.920875,172,216.18271
614.962858,202,216.980845
673.730514,203,217.258468
660.851879,207,217.54262
616.036139,197,217.81375
647.851092,217,218.109524
663.570701,212,220.302681
603.211596,198,220.569651
680.542485,217,220.891577
625.996588,188,221.198035
510.863185,185,221.454787
486.338146,180,222.312089
698.524248,221,222.658919
548.131803,190,222.985306
579.3725,202,223.285207
655.585528,216,223.697995
697.025583,217,224.755263
599.146257,195,225.033808
635.719999,200,226.888336
589.523102,200,227.174637
533.10479,185,227.449846
536.624086,184,228.325209
668.212316,224,228.668574
685.037237,216,229.028482
693.478837,222,229.388266
661.194508,217,229.720111
630.157819,211,230.516559
584.885815,190,230.81992
632.945162,209,231.123841
609.397913,195,231.405657
702.6231,228,233.354767
718.706454,230,234.168583
594.52525,212,234.494764
681.465666,207,234.807115
669.778283,219,235.174483
652.496737,217,236.012924
701.239356,218,236.328533
588.513096,193,236.60701
584.284824,206,236.897859
644.143471,210,237.196515
672.864884,200,237.970334
721.735365,221,238.281113
619.716022,198,240.13713
649.071988,205,240.476279
644.508407,226,240.851998
665.346411,210,241.671938
551.924565,174,241.951975
598.948614,189,242.238877
641.179214,198,242.533586
737.735452,228,242.888766
658.263067,205,243.689181
639.152958,223,244.010499
673.183343,220,244.326286
717.360228,231,244.67028
677.655592,218,246.637289
707.117626,225,247.47137
701.183771,236,247.814661
525.622831,190,248.090849
673.477427,212,248.396512
637.839012,217,248.709321
548.579029,188,249.427797
718.946902,221,249.742102
771.465154,252,250.115298
535.647357,182,250.411842
678.94824,210,250.716745
961.588728,289,253.365729
702.871577,217,253.668931
684.91736,223,254.02542
457.496029,154,254.273834
647.577136,194,255.055342
854.996717,262,255.489192
786.680508,239,255.832016
654.232219,217,256.139511
642.874292,201,256.441333
683.044424,219,257.2958
651.434865,229,257.639661
684.075835,222,257.971645
643.845163,205,260.238526
698.492448,218,260.54966
678.682893,221,261.375555
737.645715,227,261.718663
767.096366,225,262.080015
665.093324,204,262.406408
635.182561,197,263.284007
537.671713,191,263.594947
641.546285,218,263.907166
741.515528,236,264.23613
660.067651,203,264.519645
804.306552,253,267.01252
688.448257,208,267.296387
742.369006,233,267.622822
805.722394,245,267.964512
696.755451,229,268.800573
679.806591,219,269.107215
376.794668,138,269.299185
671.205519,208,269.585143
751.738864,221,269.887381
732.48544,232,270.208451
586.448774,193,270.985724
645.074785,225,271.290711
659.149139,205,273.089099
710.487815,216,273.393014
733.971631,223,274.21362
766.24039,235,274.544914
605.174553,182,274.801255
777.044589,248,275.152964
737.930569,236,275.47945
763.286454,236,276.355627
627.128391,200,276.6419
748.266862,216,276.95097
805.747984,246,277.298654
721.346303,218,279.670014
577.494574,203,279.953828
725.592712,220,280.261374
684.18977,208,280.552017
655.430074,218,280.901433
732.021879,227,281.824917
797.655566,229,282.306402
805.440546,241,282.727652
775.300096,239,283.091391
763.290391,232,283.427735
697.047568,207,284.320308
779.073786,214,284.655637
741.056646,231,286.867699
743.182446,230,287.27971
842.995035,263,288.379437
715.252536,215,288.71078
705.51058,214,289.042281
763.629515,241,289.41366
667.450345,202,289.728013
787.474179,233,290.690059
813.299888,243,291.059842
687.018255,223,291.397197
717.441464,210,291.714699
220.950462,97,293.656466
805.619602,234,294.565253
520.157219,164,294.816667
844.361994,254,295.203662
564.677344,178,295.470939
731.258163,231,295.818156
701.620027,211,296.721709
801.081733,249,297.098419
345.860737,126,297.287163
397.021094,142,297.529488
656.960242,194,297.863357
866.12107,268,298.914333
827.892388,246,301.273027
755.267705,224,301.643302
764.41671,237,302.032373
736.531574,231,303.083626
734.84904,232,303.498005
858.646223,256,303.953102
761.620692,234,304.384025
517.129613,160,304.669344
822.675982,237,305.876851
682.40227,207,306.285514
752.763595,235,306.713439
657.047641,204,309.171017
772.388956,233,309.74002
738.61768,233,311.086663
777.875959,235,311.507035
745.366618,212,311.878555
346.024027,124,312.115814
820.170783,250,313.09367
745.296476,234,313.455389
711.019452,234,313.809369
648.135507,216,314.139792
949.638985,287,314.645447
661.080442,196,315.432543
848.090229,266,317.492973
807.258031,232,317.851193
732.413274,232,318.176016
689.891054,219,318.903135
670.372061,210,319.192557
765.333777,237,319.517938
778.22189,217,319.817551
702.368919,200,320.092235
806.573014,241,320.859173
723.972479,222,321.176563
791.051699,260,323.245923
676.989598,201,323.528893
681.502845,192,324.293031
744.224318,223,324.63544
956.058778,279,325.022224
735.908649,225,325.33294
883.184427,254,325.680081
702.275339,213,326.431031
848.112104,257,326.781697
642.330378,219,327.099375
1004.345908,287,327.500674
812.568552,245,330.600867
772.338955,213,330.967369
785.272197,223,331.323322
625.401157,189,331.624728
737.147233,231,332.491977
747.684115,225,332.841548
873.197888,277,333.356518
773.531232,226,333.720527
662.028251,195,334.026124
804.767023,234,334.923759
1105.31791,320,335.494339
586.972598,176,337.44372
843.824409,243,337.809514
982.819447,293,338.80012
715.297219,212,339.126043
947.409509,260,339.528938
939.122181,266,339.933944
890.913252,249,340.79312
780.326007,238,341.154077
768.212325,250,341.532928
739.948086,222,341.890384
933.499722,267,344.500343
768.032805,260,344.89561
1088.778523,334,345.399703
656.480354,184,345.675534
863.91086,243,346.577173
848.705723,245,346.950488
671.0003,197,347.244771
597.538189,174,347.511296
1147.148196,313,347.986838
903.651288,256,348.956326
935.614875,252,351.081823
878.553845,259,351.475003
836.821395,247,351.849297
831.079202,240,352.721144
584.775799,180,352.99374
721.674783,217,353.323375
1094.973728,308,353.790151
837.681774,245,354.726159
961.831874,281,355.15519
753.402168,228,355.518494
737.16643,262,357.7118
936.140605,261,358.620224
808.583109,233,358.982655
850.914745,244,359.367104
952.813468,265,359.783208
950.93272,262,360.718566
728.400672,226,361.06083
710.607743,265,361.460991
777.989208,221,361.802662
711.509673,226,362.643891
1095.006171,310,364.925709
870.777969,240,365.304036
867.114636,285,365.852149
960.481426,265,366.785578
823.446349,235,367.148751
737.636461,220,367.483296
969.843997,274,367.894131
876.537027,271,368.880279
832.038103,289,369.318786
997.849,275,369.740254
817.589281,230,371.870379
1301.654239,353,373.134587
983.089727,270,373.601193
975.305366,279,374.038544
767.504036,236,374.428779
1019.78705,282,375.422847
885.034119,262,375.811045
790.692772,237,376.243777
878.528189,258,376.686324
872.238323,257,379.683877
993.195838,272,380.103475
941.630243,272,380.497992
688.227049,201,380.787581
1064.980316,303,381.798601
1262.836196,359,382.326232
857.819795,233,382.687983
947.012506,245,383.58556
1111.973972,309,384.02651
549.520793,162,384.257306
1118.493429,301,387.106586
1493.512685,422,388.705955
720.080265,204,389.091174
707.802619,209,389.480755
1200.009948,358,390.141083
1063.765064,296,391.354653
1064.717942,312,391.845763
1137.610667,325,392.345221
767.840443,211,395.984736
563.643048,176,396.343248
744.362247,227,396.800678
1605.543068,483,397.793079
1231.590204,337,399.373402
979.45437,265,399.829796
1354.120483,411,400.47377
920.309304,280,401.415663
636.450644,186,401.70275
1482.834737,412,404.784723
883.732501,264,406.078574
1049.11698,283,406.662153
1201.83074,343,407.356669
648.417708,181,407.71033
804.807653,225,409.007482
1118.18702,319,409.631077
1111.425992,319,410.288936
1429.354601,388,414.346014
1035.637302,275,414.903462
1541.033176,403,415.735004
962.433567,258,416.23952
1187.32958,319,417.659511
408.528418,139,417.972979
928.955243,259,418.496324
893.498784,276,419.080514
959.307922,255,420.138784
1282.939533,333,422.650725
1293.781719,337,423.145756
1001.738523,275,424.031304
1037.185887,286,424.478911
1344.645729,362,425.091284
955.780287,273,426.089709
1855.63076,577,426.978766
1270.844138,354,429.47894
1065.083925,292,430.525816
1292.631793,349,431.132782
900.436177,262,431.597656
907.990205,254,432.479878
1128.494679,337,433.028871
843.360462,228,433.381916
991.718785,273,433.782063
1227.686616,339,434.734055
1052.018127,307,437.215617
1470.822262,437,437.899038
1398.030448,449,439.147291
751.725868,221,439.501651
589.924863,175,439.763759
771.576038,211,440.127184
2642.704949,744,443.862571
1463.91563,420,445.046378
1218.27723,341,445.570962
1189.62768,320,446.058646
1042.490392,287,447.106413
1319.898255,347,447.608363
1642.823372,422,448.211567
614.820426,182,448.484555
1032.259698,286,451.424955
963.709855,262,451.845845
1106.358841,305,452.309772
930.807574,256,453.295564
1297.900425,368,453.843141
877.814616,242,454.199232
982.735251,289,454.711753
2349.178648,646,456.308643
1459.588502,371,459.246582
877.304801,239,460.706192
1182.32461,317,461.281746
797.834529,231,461.657203
1029.044898,285,462.109063
1013.444193,272,463.191472
1254.676275,314,463.705867
1538.418897,387,464.347625
1306.532117,333,467.476464
901.670319,256,467.92567
1602.131861,434,468.652402
1270.423113,330,469.695533
933.334467,257,470.09841
1641.324856,418,470.790691
1570.121856,440,472.070107
930.678044,295,474.440822
1896.229468,511,475.721538
1390.130048,383,476.291247
1931.689222,469,476.995431
2042.603964,492,478.327155
1986.292985,516,481.148446
1621.755742,384,482.377727
1500.016907,431,483.069389
970.529949,265,483.501457
1009.192647,272,484.588362
1529.895265,423,485.269015
1445.50375,377,486.377139
655.469801,184,486.68863
1975.759987,494,489.329809
1094.741664,281,489.763771
2232.329764,600,491.429085
763.145627,222,491.760534
968.440072,258,492.736549
1756.930708,428,493.431179
949.140772,257,493.876804
693.631083,193,496.255768
1061.70572,280,497.372529
1599.189229,390,498.055227
1690.373522,448,498.745317
1286.033792,315,499.91618
1908.664455,535,500.822051
1908.193169,477,504.581744
1625.258311,472,505.366726
1784.189537,473,506.716961
1499.333922,371,507.289023
1317.117819,335,507.797132
1428.990876,367,508.916805
1164.507894,325,509.430931
775.534991,212,511.851355
1118.555266,288,512.836922
1172.339316,332,513.347684
1150.264822,330,513.860762
1366.944464,349,514.946072
1328.172421,347,515.478979
902.669866,233,515.835571
1190.09469,306,516.307911
1716.552134,444,519.608741
1020.912296,265,520.017725
1178.895897,319,520.513287
1352.32381,341,521.597623
1250.266497,321,522.250959
1724.244297,486,524.258353
1407.632977,347,525.072935
1442.525653,359,528.050585
1622.244118,433,529.240211
1851.768064,511,530.008741
1163.625695,331,530.519905
1585.761269,417,531.737589
2746.15216,750,535.816597
1558.01507,425,536.473995
759.610864,203,536.786764
1527.149111,411,537.923609
1254.402542,305,538.398112
1665.698715,402,539.163578
2210.183214,606,540.63225
1857.771821,504,544.244864
2107.735913,501,545.528861
1694.073572,413,546.175191
1429.057367,341,547.29816
2696.538493,640,548.397535
1493.138887,364,552.28913
1210.479385,308,552.764545
962.137898,254,553.144958
1205.215458,294,553.607908
2219.126227,571,555.092713
891.707075,253,555.489615
2339.145746,549,557.024591
1437.426698,337,560.265246
1597.647652,375,560.89954
2768.509058,674,562.64501
1332.550037,329,563.181264
1935.979561,454,564.522755
1170.341483,299,565.047988
1633.952272,371,569.378771
1915.059332,454,570.138009
1670.765646,397,570.91603
833.53836,225,571.9233
919.858128,240,572.307323
3392.007453,818,574.132078
1385.542631,334,577.463497
1851.595267,438,578.141642
823.972955,229,579.022529
1548.700052,382,579.616588
1041.174778,281,580.0487
2206.562397,505,581.350916
2249.534757,504,584.785336
973.072291,257,585.188855
1244.410724,315,586.17372
1466.852048,357,586.72739
2753.942814,683,588.292236
1133.77198,289,588.739468
1880.95468,461,589.995429
2561.733606,562,593.966011
2087.920979,530,595.444141
1833.544579,447,596.166564
1388.019681,368,596.746458
1451.552819,348,597.845679
1222.480328,285,600.874
1645.883682,429,601.4929
831.555771,237,602.42507
2128.541476,490,603.129208
2316.985014,534,604.391989
1962.592994,459,605.053099
2865.396258,638,608.877382
1986.99393,449,609.559954
1009.062627,260,609.939951
848.333583,223,610.791601
540.195515,172,611.043445
1058.953848,271,611.433122
1199.35201,298,611.856204
947.798112,247,612.673837
1567.832798,358,616.060155
1286.269332,301,616.526829
2282.992274,498,617.702494
1267.041776,315,618.147754
1968.344947,433,618.763205
1652.099024,378,619.813158
1434.543348,337,620.298778
923.597311,236,622.938931
3658.076788,817,624.603612
1619.545263,379,625.655988
2095.754376,527,626.418366
2692.504494,623,627.806409
1491.53494,345,630.437051
1706.874728,403,630.996687
2081.327559,492,632.212091
306.185965,119,632.380233
1646.94101,372,632.90531
1498.265811,359,634.039018
1249.812347,303,634.638013
1265.09233,307,637.261408
2284.288331,504,638.501899
1477.441071,354,639.017159
2033.007058,502,640.33428
1317.441889,315,640.814603
956.440122,235,641.165171
1855.059707,423,642.399089
2268.444024,508,644.936275
1616.87804,379,645.490483
1421.499587,339,646.563793
1561.45946,424,647.180024
1061.094737,270,648.14027
4008.349286,862,651.109368
1832.561219,411,652.253457
2431.199072,521,652.998204
890.267729,238,653.321255
1623.580673,382,654.365974
1401.290553,335,654.819485
2947.966667,644,659.770837
1422.040533,338,660.230445
1680.803966,381,661.257472
951.337593,245,661.589695
1425.157823,321,662.020081
2109.131501,466,663.07251
2474.338105,524,666.743422
1910.318989,470,667.374912
2448.077619,529,668.579705
2745.211358,626,669.860003
565.172481,172,670.090323
2103.621774,475,670.724126
1882.792559,417,674.796205
2530.193407,545,675.515469
1263.184178,291,675.913157
1820.880156,422,676.916049
2044.116325,441,677.498416
2561.459905,543,678.650836
1759.03998,437,682.318365
817.913438,211,682.597789
1683.400021,378,683.572575
2955.08374,654,684.442727
3478.859585,793,685.934619
4598.979065,1000,692.159923
1333.873407,320,693.014433
4455.931788,1000,694.835863
2012.951036,448,699.266105
2283.764151,501,699.926064
2164.305168,521,701.166028
2437.273372,591,702.531892
3098.651122,669,703.42601
1399.86514,333,709.346014
2000.863349,447,709.929071
4595.951558,1000,711.675902
3982.112983,810,718.612487
2671.524929,572,719.35558
2628.626304,562,720.559398
1671.782038,383,721.056752
2658.589597,567,722.244446
2164.75204,469,728.88922
1673.375844,391,729.852675
2657.289106,593,730.626384
3364.208915,722,732.040339
3650.115847,780,739.729219
3388.388219,735,740.68774
4669.164248,1000,742.486784
1697.81056,438,743.567096
2108.043901,461,750.149984
4768.234923,1000,751.949102
2593.866365,559,753.143461
1333.35228,327,753.567143
3330.703306,708,761.052429
2914.059027,617,761.857514
4026.356234,830,763.450091
2961.949307,644,764.802151
1294.225116,303,771.241074
1846.508601,404,771.77068
3773.750193,781,773.306224
1483.517776,330,774.259556
4842.95454,1000,782.003144
3238.066508,669,782.866826
1876.977269,395,783.803845
3648.140103,731,784.745724
4606.899354,908,792.587894
4914.23413,1000,794.462364
1707.722273,373,795.498641
3634.293091,739,802.429135
2528.488739,523,803.622348
346.187505,125,803.786113
5028.569964,1000,805.53863
2376.317837,527,806.223866
4950.129963,1000,814.027059
4922.452791,1000,815.901315
4928.345099,1000,823.567777
4994.030207,1000,825.373578
4994.610252,1000,827.187213
4944.484385,1000,835.017588
5046.846468,1000,836.744253
5035.471925,998,843.541428
4968.796701,1000,845.502341
4905.978638,1000,847.505383
5026.028808,1000,855.274993
4978.857166,1000,856.971497
4793.463482,954,864.545528
5108.724253,1000,866.285869
5117.08494,1000,868.066269
5138.842532,1000,875.427513
3060.416042,605,876.709922
4983.003156,954,877.937312
4944.603932,941,885.168037
2306.276277,485,886.282091
5182.25611,1000,888.061452
5118.845673,1000,893.507138
1325.230813,304,893.89576
3135.658333,611,895.111548
5189.614244,1000,899.312073
2561.531379,532,899.997463
1981.873259,415,901.020745
5222.20041,1000,902.809157
1281.705761,303,903.201156
5175.765403,1000,907.81771
5198.986209,1000,909.531315
1481.887452,331,909.957768
5120.021914,1000,916.542468
5162.21606,1000,918.340411
5277.458586,1000,922.995222
3203.394045,639,924.243956
5299.606796,1000,926.037913
5258.55566,1000,930.348314
4193.198652,807,931.385686
1787.665238,385,932.292518
1397.942247,324,932.727745
4892.223408,916,937.158267
2743.651807,545,938.275569
1908.350844,396,938.780969
2499.361025,498,939.417324
4440.394869,834,944.239279
5322.758139,1000,945.982297
2917.089591,583,947.299728
1002.609553,244,947.615039
5296.671639,1000,955.263515
5297.240474,1000,957.023738
5290.734824,1000,958.753332
5380.050611,1000,966.370326
5323.443752,1000,968.063407
5328.899304,1000,975.706362
5395.360342,1000,977.461239
2191.495358,454,978.051672
5266.734654,1000,985.617391
4606.322647,880,987.167174
5195.509326,1000,988.915529
5199.284006,1000,996.698698
5243.168673,1000,998.407776
5344.733416,1000,1006.200635
1393.654764,317,1006.610704
5252.331779,1000,1008.379916
5343.850469,1000,1015.980301
5395.987104,1000,1017.714476
5420.178293,1000,1019.430602
5351.08055,1000,1026.931686
5380.574676,1000,1028.666606
3980.349989,743,1030.132315
1486.6325,330,1036.570203
3698.409446,698,1037.921206
5413.971558,1000,1039.660836
5479.709534,1000,1047.289277
5441.794148,1000,1049.060927
5453.693151,1000,1050.820457
5442.075819,1000,1058.539721
1223.087546,282,1058.900969
5442.108676,1000,1060.671329
5385.56419,1000,1068.538939
5475.489896,1000,1070.289855
3089.694308,594,1071.546841
5415.758998,980,1079.305073
1261.618279,283,1079.665947
3282.346996,620,1080.477041
2882.674769,551,1081.674646
1279.824087,286,1082.04672
1625.155554,344,1089.14573
1430.562259,315,1089.55679
5550.936073,996,1091.319576
1000.321305,250,1091.64228
2084.965595,421,1092.596769
1211.993292,280,1092.953322
5454.41896,1000,1100.634281
5398.306288,1000,1102.35064
5493.069535,1000,1110.089203
5487.13265,1000,1111.825429
5564.945426,1000,1113.527546
1074.70308,263,1119.752599
3097.13133,595,1120.952435
5510.268,1000,1122.655477
4000.040151,749,1129.604089
5413.56261,1000,1131.310007
908.362042,231,1131.606057
5479.061569,1000,1133.336004
5514.390693,1000,1140.087768
1520.098325,329,1140.939592
4096.297104,782,1142.366911
2935.596902,576,1148.859457
5427.885694,1000,1150.573869
1444.270212,312,1150.975085
4727.452153,863,1152.515688
5501.980162,1000,1159.295052
721.430942,200,1159.550955
5046.779249,917,1161.151648
886.675033,230,1161.45055
1952.466276,404,1162.398748
5475.98784,1000,1170.126187
5509.599862,1000,1171.924308
5475.626758,1000,1179.626684
5476.369867,1000,1181.342548
5485.268794,1000,1183.097757
5277.377933,956,1190.776161
5514.226754,1000,1192.606945
5520.671005,1000,1200.39144
4996.22639,906,1202.065252
5528.693595,1000,1203.880641
4856.538081,878,1210.688245
5440.654663,1000,1212.425311
5520.082269,1000,1218.197519
5628.320696,1000,1219.943056
5668.33974,1000,1221.767534
1300.783408,298,1222.630354
965.328158,243,1228.102818
956.652654,245,1228.418746
4471.135838,807,1230.027264
4309.791858,772,1231.458594
5673.954676,1000,1235.463672
5647.19205,1000,1237.207903
5616.097851,1000,1242.131488
4302.392493,782,1243.148073
5597.979326,1000,1244.935901
5673.968624,1000,1250.623017
5670.853074,1000,1252.447563
1691.697771,355,1253.308595
1895.916698,396,1253.826226
3700.980382,678,1260.37231
5573.221717,1000,1262.067554
5667.198394,1000,1263.782164
3123.894534,582,1269.413399
4391.074984,793,1270.877602
5579.114206,1000,1272.731016
5579.672165,1000,1279.117651
5649.758002,1000,1280.955631
896.240358,233,1281.262986
5666.039664,1000,1289.059704
5677.294854,1000,1290.789818
1897.594037,404,1291.302484
3327.576155,625,1292.54522
5064.193021,889,1300.235984
5746.927256,1000,1302.005618
5688.330933,1000,1310.130061
5710.85611,1000,1311.9635
5737.241875,1000,1313.746461
5700.434994,1000,1321.319954
2659.42972,513,1322.124951
5666.351121,1000,1323.805861
4940.574766,867,1331.830585
5797.282586,1000,1333.606637
5637.044951,1000,1341.641674
1689.045101,354,1342.091295
5780.278091,1000,1343.794223
2383.611122,470,1344.981858
788.784924,210,1345.265948
5725.902794,1000,1353.20054
5707.975039,1000,1355.056674
4588.487068,818,1363.088599
3916.944181,700,1364.205966
5716.282721,1000,1366.282211
3447.530549,635,1368.043546
5635.175238,1000,1376.722584
5684.32197,1000,1378.536931
5682.866218,1000,1386.723284
5766.708821,1000,1388.480359
5770.523182,1000,1390.104412
5724.907895,1000,1397.365374
2400.430501,469,1397.939486
5727.70299,1000,1399.537059
5791.713263,1000,1406.437253
5757.119012,1000,1408.11744
5848.635167,1000,1415.363726
5774.136258,1000,1417.024339
5036.113061,878,1418.530925
5826.623008,1000,1425.784833
5817.963322,1000,1427.48377
5896.369482,1000,1434.720985
5842.758348,1000,1436.387074
5840.616328,1000,1438.049221
5876.017643,1000,1445.264608
5802.975363,1000,1446.928214
5726.876383,1000,1454.163843
5804.356984,1000,1455.765456
5826.6131,1000,1457.361689
5788.654387,1000,1464.600293
5814.594517,1000,1466.298648
5865.842809,1000,1473.535766
5844.665048,1000,1475.213295
1870.572186,381,1475.674013
5795.386792,1000,1482.931201
5842.883823,1000,1484.608691
4669.734136,825,1485.983081
1640.735178,354,1486.41043
4383.761538,772,1493.509431
5808.580431,1000,1495.105578
5778.383035,1000,1501.140796
5777.913491,1000,1502.829442
863.973748,225,1503.102209
5856.567936,1000,1504.781129
5799.196211,995,1511.999436
4878.345788,857,1513.514231
5805.885576,1000,1520.705049
5664.046839,1000,1522.380441
5824.493771,1000,1524.051277
5800.323139,1000,1531.266284
1355.334663,296,1531.620847
5792.340117,1000,1533.293128
5799.750525,1000,1540.504095
5775.026226,1000,1542.172468
5857.042417,1000,1543.847961
5779.597612,1000,1551.050782
5771.63488,1000,1552.709936
5822.118652,1000,1559.11155
5823.373171,1000,1560.770787
5835.47131,1000,1562.439737
5871.000665,1000,1569.659537
5865.867155,1000,1571.321634
5867.061353,1000,1578.536759
5882.768315,1000,1580.199029
5874.762389,1000,1581.858697
5826.616476,1000,1589.10084
5764.509425,1000,1590.777822
5327.693136,916,1597.86717
5859.454713,1000,1599.544881
5830.754955,1000,1601.205669
5896.341503,1000,1608.437425
5927.492542,1000,1610.112661
5809.910273,1000,1617.35172
5309.923277,912,1618.44499
5821.450894,1000,1620.124226
5950.551196,1000,1627.369077
5900.96997,1000,1629.024686
5926.728563,1000,1636.28167
5968.726615,1000,1637.929129
5929.278288,1000,1639.524272
5825.247443,1000,1646.756899
5813.523927,1000,1648.345923
5874.78184,1000,1655.505141
5002.603524,865,1656.931193
5917.119788,1000,1658.518685
5895.208657,1000,1665.694216
4638.138981,800,1667.043903
5860.943805,1000,1668.721651
5885.665497,1000,1676.096093
5955.248303,1000,1677.685476
5815.37713,1000,1684.830169
5906.353336,1000,1686.416516
5902.926348,1000,1688.000311
