#{"t_start": 1787497456.5183692, "env_id": "Ant-v5"}
r,l,t
-41.261057,35,1.552627
-77.483613,87,1.717131
-85.641536,93,1.87746
-62.864105,84,2.022999
-112.870215,55,2.121102
-1038.302961,1000,4.67481
-17.790795,8,4.688645
-1088.681485,1000,6.952034
-111.610099,122,7.167086
-47.58564,40,14.307145
-12.706111,12,14.327769
-41.662131,35,14.387646
-49.668274,63,14.49586
-43.335104,57,14.592282
-27.910076,36,14.65353
-99.707699,83,14.793529
-1025.444517,1000,16.955171
-60.324315,73,17.086299
-64.022466,82,17.232905
-314.816874,184,18.01046
-49.382408,48,18.094153
-26.053098,18,18.125537
-28.1716,33,18.184027
-53.216968,63,18.29488
-52.485151,58,18.397127
-42.033967,87,18.552688
-15.234365,13,18.574397
-56.386334,116,18.793893
-81.77886,76,18.935857
-34.445624,21,18.973198
-63.900882,50,19.061275
-11.75905,17,19.09101
-25.007777,24,19.133168
-31.591589,22,19.171671
-26.720907,34,19.230596
-62.776622,74,19.359682
-72.715657,79,19.498575
-91.592635,114,26.738034
-74.454976,54,27.311213
-58.230927,53,27.402406
-12.818208,17,27.431523
-6.659696,37,27.494128
-42.146289,28,27.541577
-1023.075501,1000,29.816069
-18.692792,18,29.847461
-16.981533,21,29.883462
-22.903069,18,29.915456
-160.233598,92,30.077065
-82.254331,93,30.238131
-26.850371,31,30.291221
-17.13697,17,30.321004
-48.77746,51,30.410522
-26.942404,15,30.436061
-138.571958,113,30.629646
-30.44892,37,30.695297
-35.46003,24,30.735071
-8.268909,17,30.763764
-11.573884,12,30.783728
-11.16605,24,30.824971
-15.383102,21,30.860175
-66.298333,73,30.986447
-39.010938,47,31.065694
-26.703121,43,31.141089
-4.593872,23,31.179583
-18.544062,32,31.233991
-13.678523,19,31.2662
-45.294209,45,31.806586
-46.523388,40,31.873184
-10.824807,14,31.896389
-11.413486,12,31.91637
-30.149127,59,32.015089
-32.233478,20,32.048728
0.415906,26,32.092022
-223.596327,106,32.270647
-55.410775,63,39.319293
-48.190801,24,39.361891
-35.110693,26,39.408088
-1081.805956,1000,41.698608
-2.866551,55,41.799316
-24.851955,42,41.876429
-54.719931,56,41.979155
-12.072574,23,42.020397
-8.307981,12,42.041827
-92.020947,103,42.228612
-40.070592,46,42.310983
-4.944217,19,42.345554
-94.726854,32,42.403768
-954.391403,1000,44.978054
0.706002,15,45.013258
-42.86789,49,54.472862
-10.012635,16,54.506448
-25.794854,59,54.631591
-130.562978,69,54.778129
-33.048876,41,54.865149
-74.23133,63,55.601584
-23.176595,23,55.650175
-102.67163,75,55.806965
-12.722739,11,55.830227
-239.199831,158,56.166548
-12.09222,9,56.185431
-58.442127,69,56.33222
-52.036729,32,56.400684
-83.535032,67,56.543009
-934.233495,1000,59.315244
-19.750431,25,59.369462
-28.09938,20,59.412297
-4.724157,14,59.442177
-28.508088,32,59.510962
-13.335851,16,59.546113
-64.293584,43,59.638411
-20.179018,38,59.720662
-45.055099,39,59.804569
-25.223538,11,59.828125
-26.306666,18,59.86675
-81.517801,86,60.052304
-20.576613,25,60.104501
-24.677017,25,60.152482
-27.683466,27,60.206008
-29.951139,15,60.236099
7.616389,28,60.29262
-35.561365,66,60.422227
-122.557016,151,61.348226
-23.226726,30,61.419019
-22.936223,22,61.474172
-14.130939,24,61.534967
-67.532403,83,70.209358
-12.582548,13,70.237503
-35.831549,22,70.28447
-23.220212,79,70.452918
-33.243469,17,70.490467
-21.928508,22,70.537673
-40.264525,37,70.61703
-99.936461,107,70.846085
-11.870973,12,70.872241
-52.265428,26,70.928632
-32.884007,29,70.990612
0.697596,34,71.063173
-24.233331,30,71.127434
-65.732417,51,71.237257
0.544036,13,71.265029
-18.539424,14,71.29566
-122.818218,135,71.586662
-33.423034,50,71.695352
-33.717775,34,71.768489
15.066609,18,71.807218
-65.03309,74,72.490271
-61.659762,35,72.566196
-36.339554,23,72.61622
-17.943411,15,72.64874
-26.111135,88,72.839051
-27.518876,30,72.904045
-12.052424,6,72.917112
-6.795353,56,73.0398
-914.580639,1000,75.751993
-3.352442,19,75.79294
-36.529905,32,75.861994
-37.751173,36,75.939558
-21.030935,27,75.998273
-78.758215,50,76.105387
-48.680318,42,76.195984
-195.517272,138,76.487655
-3.548899,26,76.553316
-42.416826,51,83.361502
-8.200484,14,83.391632
-16.245597,28,83.452546
-38.037206,28,83.514703
-16.182862,22,83.563732
-30.32878,72,83.721995
-153.042321,119,83.982725
-52.622861,115,84.841365
-35.386555,97,85.053412
-3.999879,42,85.145777
-194.6969,266,85.726106
-18.515218,46,85.825074
-9.839702,35,85.901233
-15.832649,77,86.068957
-42.659154,25,86.123485
-61.43816,64,86.261584
-14.674204,12,86.28799
-12.736823,14,86.318717
-141.688124,131,86.603804
-25.236118,22,86.653222
-42.853697,51,86.770028
-25.247798,16,86.806037
-32.671456,34,86.882802
-76.923818,86,87.689063
-12.546455,15,87.72194
-22.785898,28,87.782196
-72.177373,47,87.883382
-10.733819,25,87.938464
-18.181577,28,88.000184
-69.781775,90,88.197037
-48.931363,52,88.309906
-92.77981,87,88.501332
-91.143307,131,88.789306
-324.901431,328,89.507975
-904.541661,1000,95.975378
-12.901691,13,96.002323
-34.697434,55,96.113893
-42.95486,100,96.952743
-32.22482,68,97.119515
-88.178233,161,97.524215
-83.503497,54,97.63498
-60.289986,51,97.736057
-23.487306,56,97.846512
12.642315,29,97.902973
-23.947195,31,97.964741
-22.904684,14,97.992799
-20.490089,49,98.089727
-4.155511,38,98.16378
-56.724409,31,98.223788
-10.820516,24,98.272168
-9.145519,13,98.297295
-51.19329,39,98.375723
-79.922536,95,98.560943
-10.905009,25,98.610761
-9.809437,11,98.633271
-11.322684,11,98.655582
-51.447363,48,98.751817
-1.125703,12,98.775483
-31.694434,25,98.824802
-15.32082,55,98.932967
-3.199179,26,98.988886
-19.955317,37,99.06897
-27.355344,21,99.740839
-25.963061,16,99.776099
-27.850458,112,100.022332
-88.832285,106,100.255426
-17.445568,15,100.288884
-71.516873,36,100.368308
-42.711649,50,100.477793
-48.745334,45,100.57709
-11.164086,18,100.61628
-2.043333,34,100.691487
-46.809254,34,100.767056
-34.080239,34,100.842556
-901.828631,1000,106.676159
-70.666278,53,106.793369
-38.340382,45,106.892284
-50.550596,68,107.043702
-9.305599,13,107.072398
-26.28564,29,107.136751
-3.607551,55,107.257491
-69.451505,34,107.331796
-69.964127,46,107.434665
-6.210438,26,107.493567
-45.293029,69,107.651644
6.063526,17,107.690482
-9.829634,11,107.715258
-26.382836,33,107.791474
-4.737663,20,107.837212
-79.515261,98,108.675171
-24.591499,16,108.709966
-72.113893,74,108.862862
-30.19178,11,108.887274
-23.985255,20,108.927043
-8.830891,20,108.973357
-69.195341,54,109.087584
-25.119536,65,109.221336
-34.857881,24,109.282759
-54.71978,36,109.377288
-7.564856,12,109.409734
-43.480333,29,109.488003
-47.997004,30,109.568928
-45.804108,31,109.651759
-16.681897,24,109.698951
-90.224357,95,109.896582
-41.726454,60,110.014451
-23.973667,36,110.083893
-91.660011,69,110.218818
-45.098976,34,110.284979
-116.082183,112,110.503938
-18.546786,19,110.541516
-16.94252,20,110.580536
-47.381706,41,115.564608
-42.221535,21,116.159557
-33.403733,20,116.202964
-4.513746,35,116.280095
-24.781795,17,116.317729
-31.064728,38,116.399935
-11.817942,20,116.443363
-25.272395,24,116.495704
-810.370989,1000,119.242821
-24.575527,38,119.326206
-17.694006,31,119.393349
-9.631797,14,119.424202
-12.693881,18,119.463494
-22.266688,21,119.509662
-52.148164,106,119.743207
-6.170982,14,119.77408
-18.762924,85,119.961911
-6.365178,64,120.102375
-56.469873,34,120.176807
-15.258124,33,120.249284
-86.062629,81,120.425222
-10.001394,6,120.438595
-39.592844,27,120.497838
-883.910312,1000,127.117351
-30.990511,49,127.249662
-7.720069,15,127.289389
-863.555233,1000,130.122146
-30.284874,27,130.174626
-18.126156,35,130.243526
-103.931015,143,130.531211
-36.947473,41,130.615549
-39.437974,20,130.660868
-239.689668,187,131.571777
-929.555745,1000,137.575742
-13.987641,44,137.671058
19.273106,36,137.748776
-26.842272,25,137.802183
-17.236873,43,137.896664
-2.304603,20,137.940371
-51.724258,36,138.018614
-47.52715,49,138.124849
-21.170539,29,138.187798
-21.307907,16,138.22236
-24.163091,34,138.295759
-36.258309,28,138.356416
-39.69412,32,138.425374
-42.814146,39,138.510115
-42.935315,25,138.5649
-91.282407,119,138.823459
-57.912702,41,138.913292
-36.247183,27,138.972367
-155.765594,158,139.320075
-34.463486,52,139.437013
3.370224,58,140.085591
-22.619499,13,140.11354
-5.324544,13,140.141387
-51.267417,59,140.269112
5.854804,20,140.312818
-9.990211,10,140.334428
-16.825572,20,140.377615
-86.480037,69,140.52721
-86.649504,96,140.733893
-36.789057,56,140.855302
-12.303775,40,140.941246
-104.768188,143,141.232328
-30.018713,37,141.304615
-13.35694,44,141.390724
-5.525978,21,141.434953
-18.875444,21,141.482226
-11.286841,17,141.520549
2.852081,13,141.54993
-19.353286,44,141.639286
-44.020524,35,141.70859
-6.543277,11,141.729995
-6.200207,23,141.774384
-23.941831,35,141.86708
-3.516329,20,141.923028
-81.446686,86,142.146904
-59.451972,126,142.88494
-11.902239,16,142.915569
-37.388911,33,142.979136
-35.496557,25,143.029113
-18.854963,22,143.071299
-97.217952,84,143.23417
-873.079801,1000,147.454003
-13.275036,19,147.503845
-118.276085,61,147.652121
2.227966,21,147.693726
-4.166056,29,147.758828
-8.331639,50,147.865075
-20.1354,22,147.911755
-16.466143,13,147.939811
-13.643875,16,147.973861
-25.533856,33,148.046
5.471051,31,148.113458
-45.370025,62,148.247416
-89.943294,105,148.473407
-6.56248,13,148.50151
4.157104,30,148.565745
-26.268921,15,148.597748
-28.748006,17,148.634549
-30.570258,50,148.742239
-42.279743,35,148.817473
-26.846389,16,148.851725
-13.102771,40,148.938077
-7.745619,91,149.134638
-3.766796,21,149.179352
-0.670331,8,149.817766
-30.116679,33,149.887672
-898.751316,1000,155.568383
-5.521052,47,155.669664
-19.486543,43,155.763061
-11.529974,24,155.815045
-1.700203,16,155.849495
-16.581893,40,155.935976
-1.976056,14,155.966232
-24.193301,30,156.031451
-6.018403,42,156.121388
-11.537564,16,156.156138
-11.935433,11,156.180376
-1.749169,18,156.219686
-15.993763,10,156.241521
-15.236957,13,156.269528
-14.969379,16,156.303984
-18.109135,76,156.46914
-34.866556,43,156.561377
-819.57912,1000,159.26992
12.317291,29,159.343154
-17.502487,38,159.438149
-65.177376,54,159.574255
9.690374,31,159.65358
-18.787507,19,159.690146
-24.524515,25,159.737528
9.221275,27,159.789441
-29.674844,22,159.833329
-19.141307,36,159.9044
-37.132,19,159.94299
-34.641477,27,159.996097
-51.207726,46,160.089123
-31.233365,38,160.163044
-3.04561,58,160.278413
-21.096093,24,160.327281
-5.935367,13,160.355629
-19.096365,19,160.393346
-10.61512,20,160.432796
-6.015497,12,160.456369
-86.605521,79,161.232564
-10.127328,22,161.275692
4.098788,44,161.360286
-38.324652,31,161.42009
1.285021,52,163.117594
-12.40017,15,163.14682
-5.390093,44,163.231988
-124.974174,124,163.473521
-30.039687,26,163.53019
-21.879134,27,163.589228
-11.143685,71,163.741218
-26.393397,28,163.800964
-38.285919,103,164.021047
11.638092,24,164.072523
-3.282566,31,164.138969
-11.899395,22,164.186215
-841.180128,1000,166.96769
1.470581,16,167.001565
-49.607178,85,167.183281
-14.440239,18,167.221647
-27.425894,18,167.260793
-15.439373,15,167.292882
-26.540088,33,167.36416
7.179037,46,167.466026
-51.838959,56,167.590029
-26.991837,62,168.34217
-0.080992,17,168.377874
-24.20554,21,168.42254
-7.134404,30,168.486544
-796.250711,1000,172.517068
-136.236256,110,172.746221
-9.078385,10,172.765734
-32.613479,56,172.873867
-9.659473,21,172.914799
7.786891,64,173.041317
12.634672,49,173.140023
-52.025403,56,173.248524
-24.63845,45,173.334488
-19.220114,27,173.38659
-20.340449,12,173.409694
-28.842953,43,173.493074
-87.186737,41,173.571991
-11.760268,66,173.728492
-5.842951,12,173.758893
-23.114024,39,173.858205
-57.500432,130,174.166297
-32.267504,28,174.220376
-11.502388,19,174.256517
-15.332393,50,174.352216
-20.885542,29,174.408698
-23.946277,13,174.433989
-17.333575,18,174.468638
-30.981614,64,175.082546
-1.203297,65,175.209227
-67.510363,53,175.311122
-15.801339,17,175.343474
-11.890776,15,175.371944
-16.959935,84,175.533727
-3.462162,17,175.56671
-729.198537,1000,178.715823
-0.745073,22,178.760155
-16.87101,20,178.799827
-67.948754,62,178.933468
-20.159343,40,179.019708
-23.369507,31,179.086588
-104.833962,83,179.264039
-5.534741,54,179.380436
4.12581,27,179.439877
-12.0262,18,179.479779
-6.280401,29,179.54346
-6.38383,17,179.581222
-32.328642,56,179.70566
-14.398116,19,179.747867
-22.545028,18,179.788137
-6.172546,12,179.814869
10.262402,14,179.845361
-16.26504,41,179.935462
-4.953711,86,180.127342
-17.213064,18,180.167288
-8.032176,17,180.205215
-32.482799,89,180.914784
-5.013071,26,180.969632
-5.050702,12,180.995275
-0.804686,10,181.016382
-25.829001,80,181.187547
-6.174543,15,181.219786
-23.50729,23,181.268888
-61.834561,74,181.426718
-41.781951,30,181.491146
-105.719838,84,181.678175
-15.207578,31,181.744439
-14.898583,26,181.800621
-53.139925,104,182.024575
-13.66864,24,182.076429
-5.143868,14,182.106816
-55.891555,65,182.246601
-16.669952,15,182.279117
-15.679719,22,182.326657
-42.425254,64,182.465061
-7.49224,13,182.493909
-29.554916,85,182.679251
-22.153008,44,182.780093
-46.126329,49,182.890699
-39.620401,26,182.948517
1.094979,16,182.983891
-18.220404,92,183.816994
-7.540233,49,183.922834
-12.836504,23,183.97265
-56.306786,39,184.056892
-34.663726,34,184.130397
-3.871721,19,184.17133
-10.822175,20,184.214244
-71.029946,93,184.414764
-11.663972,13,184.442551
1.914455,14,184.472514
1.277934,18,184.510764
-12.923151,20,184.554297
-37.148809,46,184.652812
-20.251868,24,184.703973
-41.798178,77,186.926863
15.026731,15,186.958971
-25.315895,19,186.999593
-6.8043,77,187.164711
-14.457588,33,187.235489
-1.495673,10,187.25679
-23.937066,32,187.325477
-20.799134,15,187.358081
-50.758983,124,187.622201
-6.0894,49,187.726099
-12.431957,13,187.75507
-59.994246,53,187.867859
-3.564614,12,187.893107
-40.048769,38,187.973973
-735.086658,1000,190.721647
-19.881148,26,190.78605
-6.76951,47,191.634555
-31.396379,26,191.691823
-9.157401,17,191.727229
-27.728757,61,191.8501
3.903793,20,191.895038
-13.052793,29,191.955272
-23.181287,14,191.982592
-43.332646,36,192.052905
-31.812902,27,192.105703
-17.722142,13,192.133806
-750.688948,1000,195.676609
-7.482811,17,195.712883
-18.332029,13,195.740538
-30.53508,28,195.800112
-13.125839,18,195.838603
-6.088857,18,195.877411
-27.365237,14,195.907376
-149.880062,155,196.240257
-16.437639,29,196.302984
-14.565015,11,196.326697
-21.759191,19,196.367537
16.231834,31,196.434561
-21.053968,28,196.494246
-671.560224,1000,199.160274
-15.720213,48,199.263935
2.145172,30,199.328585
-0.658072,30,199.39271
-725.077932,1000,203.339025
-62.386705,66,203.504727
-40.949046,57,203.647683
-21.518932,18,203.692594
10.183309,21,203.741564
-16.982925,15,203.770544
-5.1877,24,203.816246
-27.299653,19,203.853358
-42.839838,53,203.954007
-17.382497,21,203.994256
-25.633232,51,204.703268
-18.983896,14,204.733514
-29.553525,39,204.812956
6.319836,46,204.901877
-39.128479,43,204.986941
-18.715781,17,205.019824
-764.570624,1000,207.703681
-1.549315,15,207.735129
-11.851402,10,207.754065
12.617437,44,207.839328
-18.986532,18,207.873674
-29.353877,27,207.925874
-39.648189,60,208.042966
-0.252048,13,208.068104
-7.779014,25,208.116487
-30.097484,73,208.269949
-4.631744,23,208.319321
-6.806086,41,208.407235
-9.113872,68,208.553023
-13.258284,36,208.630526
-4.747539,28,208.691118
15.09458,19,208.73155
-11.094339,12,208.757021
4.107639,29,208.81914
-21.799849,27,208.877445
-7.425264,14,208.907431
-21.067842,27,208.965558
-42.677001,25,209.019472
-33.451322,69,210.522847
-12.839747,14,210.552573
-49.332111,43,210.644001
5.679569,23,210.692665
-16.756344,21,210.737319
-2.960402,10,210.758613
-20.373205,16,210.7927
-37.022597,39,211.497702
-20.451827,35,211.571102
-12.210667,14,211.600582
-4.693304,11,211.6238
-7.708419,12,211.649262
7.686479,34,211.721565
-16.158535,25,211.773966
-39.605499,39,211.856668
-3.48075,14,211.886732
13.054837,69,212.032017
-39.083083,34,212.103685
-12.663966,13,212.131349
-18.052262,20,212.174335
-18.230685,26,212.230245
3.828395,16,212.264794
-16.786915,18,212.303341
-31.95019,53,212.416134
-49.255599,51,212.525653
20.69581,29,212.588031
7.412235,17,212.624759
-19.099265,45,212.72158
-18.037452,28,212.782025
-16.556513,26,212.837585
-8.107044,22,212.88509
-89.307489,130,213.164775
13.837711,17,213.201227
0.752486,47,213.301967
-35.839206,59,213.430961
-9.754794,14,213.462745
-11.459956,20,213.507828
-17.992049,12,213.534385
-2.774502,13,213.563278
-0.876969,39,213.650044
-7.269696,7,213.665882
-18.389262,12,214.312824
-16.257804,13,214.340145
-37.597872,31,214.40643
-15.039444,45,214.501554
-5.800144,12,214.524999
-10.697277,29,214.58038
-6.546378,15,214.60915
-41.266559,49,214.703162
-13.896672,21,214.744047
0.394144,15,214.781772
-17.845753,37,214.876116
-10.489242,25,214.938667
-146.201076,89,215.161934
-8.893541,13,215.194133
17.147211,19,215.231958
-3.408673,18,215.266513
-12.820017,21,215.306623
-7.165138,51,215.404092
-2.162778,9,215.421096
-28.439984,18,215.455369
-2.825331,53,215.558527
-74.785363,80,215.71578
-15.717914,57,215.833934
-17.085181,23,215.884293
-24.210409,24,215.936608
-89.009111,63,216.075328
-28.077938,30,216.136033
10.0125,50,216.238518
-12.614841,12,216.263178
3.26973,26,216.318961
-59.635352,46,216.413718
-12.325095,13,216.439953
-6.567745,22,217.094368
-663.290677,1000,219.56339
-19.297101,35,220.248402
-15.625738,20,220.296923
-7.132394,20,220.344708
-9.657664,27,220.410546
-33.596204,43,220.514366
-77.205438,68,220.678807
-39.064285,26,220.741901
-0.104712,21,220.792036
-19.417455,50,220.887995
-32.99764,81,221.046181
-24.267025,36,221.116196
-5.396479,21,221.156312
-10.165805,88,221.326967
2.479173,12,221.349804
-9.347703,32,221.415309
-14.473691,14,221.445423
-12.189203,15,221.47751
0.670796,27,221.535163
-7.281968,29,221.597468
-16.382368,21,221.642197
-3.999604,12,221.667585
-46.799846,61,221.797362
-11.666255,7,221.812642
-6.977632,11,221.836068
-6.366013,15,221.86799
29.717582,41,221.955575
-24.652175,29,222.017942
-12.338835,31,222.084408
-42.782044,51,222.193249
-1.72843,50,222.299634
-32.060418,34,222.371832
-39.870918,58,223.116799
-7.415516,29,223.178664
-1.944556,11,223.202229
0.913602,16,223.236251
2.478627,27,223.293098
2.479145,22,223.339943
14.359487,15,223.37193
-28.001828,39,223.454811
8.274475,31,223.521542
3.97012,38,223.603248
-11.587003,17,223.639348
-3.000215,31,223.703929
-37.211405,34,223.776481
10.717657,30,223.841129
-3.197197,13,223.869057
-8.434257,64,224.006483
-28.638659,43,224.098745
-15.528233,65,224.238828
-49.990238,71,224.390035
10.943814,34,224.462814
13.418617,46,224.560915
-1.089338,7,225.87446
-32.568782,34,225.947356
-38.885018,92,226.141848
-9.363638,55,226.259286
-11.317262,22,226.30643
5.902483,32,226.374965
-16.144885,18,226.41357
-42.173902,34,226.486586
1.462986,21,227.139071
9.62496,21,227.184281
-2.763951,16,227.218882
-636.720256,1000,230.019543
-24.992533,21,230.060489
-17.76851,50,230.156262
12.030018,13,230.181104
1.776523,20,230.220944
7.627668,13,230.245554
2.819157,41,230.3263
2.614405,15,230.354845
2.35644,25,230.404504
-6.302737,20,230.444068
-44.808405,101,230.642196
1.708161,19,230.679976
1.52049,28,230.733025
-4.356352,48,230.82499
-32.728619,42,230.906025
0.096567,26,230.955956
21.770514,22,230.998277
3.874288,16,231.029503
7.029299,30,231.087432
-3.731131,18,231.127988
-40.555304,51,231.232998
-21.145485,34,231.298094
-41.220059,45,231.38861
-5.57829,13,231.42096
-3.586189,13,231.451583
-19.035938,14,231.485825
-0.66661,15,231.521886
4.350901,26,231.584196
-18.757367,33,231.663924
-11.883444,21,231.715035
-6.323784,19,231.760795
-571.458882,1000,235.152296
-35.643405,78,235.313084
-44.638742,115,236.157448
-660.330253,1000,238.350005
-2.90213,25,239.018407
-2.065148,12,239.043904
-16.94729,29,239.105501
-5.744962,11,239.129398
-19.045965,19,239.16954
1.99564,39,239.253017
5.090116,11,239.276517
-6.985379,13,239.304183
-81.714909,59,239.429486
-4.691517,13,239.457367
-19.044195,15,239.489585
-23.721525,28,239.549517
-2.966796,33,239.620155
-56.959421,89,239.813064
-30.847444,28,239.873665
-9.079526,18,239.912283
-1.932916,13,239.94029
-25.033921,48,240.043325
-24.658622,66,240.185234
-7.042742,36,240.262387
-8.820247,13,240.707724
9.363391,11,240.731057
-55.299206,65,240.868702
-4.045831,12,240.894482
-17.104536,42,240.98452
-8.962921,12,241.010591
-13.412922,23,241.060528
-7.886519,14,241.090553
-26.516581,26,241.146504
0.53249,15,241.179042
-2.303098,15,241.211122
16.24711,33,241.282435
-33.611052,72,241.437503
-6.044894,14,241.467945
32.920015,28,241.528647
-15.585149,14,241.558606
-5.477439,34,242.243287
-39.638255,51,242.368178
-77.316724,120,242.677264
29.428267,29,242.743567
-34.571164,41,242.822755
-5.322644,16,242.854171
-19.48557,38,242.927247
2.356246,28,242.980168
-60.316364,65,243.10392
-22.656747,26,243.153189
-9.06317,15,243.181618
-70.23958,101,243.375281
42.571019,35,243.442707
-10.629944,19,243.478729
-7.855753,23,243.522192
-0.026492,43,243.604222
2.805732,19,243.641041
-63.798362,87,243.820196
-14.33529,31,243.882187
-9.597379,30,243.947225
-3.243195,17,243.980765
0.595495,21,244.02059
-9.646027,12,244.043419
-29.186627,42,244.125159
-5.261767,20,244.163604
0.524685,31,244.223624
-35.003539,46,244.944356
-41.746278,23,245.002552
1.248872,14,245.038258
6.000331,25,245.101528
4.143589,14,245.136913
21.383301,27,245.205298
-33.892538,20,245.256257
-6.953296,11,245.285103
-3.851937,20,245.326584
7.924377,25,245.374362
-14.426141,26,245.424042
-8.780813,17,245.457271
-0.783789,14,245.486071
14.121711,81,245.648309
1.632098,29,245.705344
-29.58024,40,245.785574
23.738795,26,245.836747
-71.209213,66,245.977868
8.467349,18,246.014218
-63.522303,117,246.254572
-3.114691,19,246.298618
-12.409416,14,246.329475
-41.71358,59,246.460791
33.207018,52,246.571127
0.40963,12,246.59518
-20.760772,21,246.636262
-1.028631,13,246.662542
-9.244478,18,246.702239
-13.074802,14,246.72996
-507.980601,1000,249.910577
-74.023925,64,250.053502
13.00735,31,250.122937
-14.112291,21,250.170434
18.250004,29,250.234612
3.241695,11,250.258977
-3.016005,113,251.015939
-30.678705,101,251.232703
-5.035434,10,251.254238
-7.089169,17,251.290525
-51.89806,40,251.377031
2.685493,28,251.437316
-20.859632,34,251.508889
8.14334,24,251.560119
-12.111953,11,251.583789
-63.722253,95,251.789498
-5.408731,9,251.808407
7.437046,26,251.863783
-12.05836,13,251.891248
-2.474606,8,251.908226
-16.936402,36,251.985771
-3.677502,13,252.014075
14.874203,25,252.067132
1.954699,37,252.139362
-27.546893,51,252.250706
-7.414627,86,252.419565
14.365519,26,252.469902
-5.465422,12,252.493007
9.282201,38,252.56526
-12.55209,26,252.615275
6.978565,27,252.666302
-18.01899,16,252.697335
-20.886818,20,252.735453
-10.833204,25,252.785434
-34.446283,82,252.9436
-12.382049,17,252.977306
-0.352897,20,253.47033
-3.762599,7,253.483628
19.940267,27,253.535116
-101.315087,90,253.715795
-44.577629,52,253.818083
-502.796629,1000,257.66965
10.99317,31,257.733979
-3.252684,46,257.821975
14.356146,46,257.91111
4.135125,55,258.01756
0.351878,22,258.061539
-15.602261,25,258.11105
-23.858364,28,258.16634
-3.51275,11,258.188216
-15.99155,22,258.232859
-5.446667,19,258.272443
-32.348453,24,258.324381
-12.496519,85,258.506255
43.797579,43,258.600193
22.490697,28,258.661218
1.634565,27,258.720403
-16.003552,22,258.767548
0.920902,11,258.791167
3.805652,13,258.819389
-1.281305,26,258.875754
12.505952,42,258.965005
1.873566,18,259.003955
-10.29019,11,259.028124
1.97354,22,259.075686
16.88122,69,259.224706
-7.914824,21,259.271354
-2.320695,23,259.3225
16.38677,70,259.479552
-8.085447,19,260.014986
-61.42717,47,260.114432
0.686737,8,260.13175
12.469571,105,260.350328
-8.190759,7,260.366039
-7.581399,15,260.398516
-2.850686,14,260.42642
17.137672,82,260.599753
7.367495,15,260.632763
2.933617,29,260.690542
31.943099,43,260.79571
-13.051419,34,260.877141
-17.698894,39,260.971192
8.931019,14,261.00521
5.341898,22,261.059124
32.857942,39,261.153028
-3.692117,21,261.203346
-7.08868,20,261.251609
8.771852,13,261.283247
11.28379,25,261.334644
-27.190875,55,261.455216
-12.676107,15,261.484236
9.453383,74,261.63081
-11.643593,11,261.654041
4.854404,19,261.694479
7.3148,24,261.741449
1.592138,35,261.810462
-9.503916,20,261.850451
-52.17826,44,261.943543
22.636758,31,262.01054
-525.761215,1000,265.686992
8.219343,16,265.720122
19.914746,25,265.768115
13.947578,42,265.849098
-30.601161,39,266.436048
-12.085553,34,266.518281
4.245814,16,266.557521
-0.901791,11,266.584325
-13.533306,13,266.615793
11.534078,54,266.746589
-4.987857,27,266.810735
-13.279134,35,266.893176
-1.589533,18,266.926891
-20.140623,23,266.975883
9.346733,53,267.085836
0.567223,24,267.137205
19.938806,35,267.212175
31.742916,61,267.34324
-39.464957,54,267.459632
-21.126728,19,267.500244
-3.009783,23,267.54976
4.807153,12,267.575385
26.625545,38,267.656634
-7.691213,17,267.693249
-20.168182,59,267.819243
-23.279968,17,267.855221
-6.630954,18,267.894087
-12.206809,45,267.990246
-12.795576,14,268.019666
-47.359494,61,268.149043
-18.787024,26,268.205004
48.93736,40,268.290281
-5.229627,15,268.323081
7.495241,16,268.357151
-0.724729,15,268.389767
-13.26821,14,268.41932
10.79074,30,268.483095
-79.98669,115,269.185075
22.735029,55,269.29852
45.070464,47,269.400799
-12.323728,27,269.453369
-42.333316,47,269.546536
-8.946808,17,269.579147
-1.093474,11,269.601583
-23.019388,50,269.712646
-16.804113,12,269.736316
24.297326,28,269.789533
-11.065249,24,269.837333
31.041132,34,271.026475
-2.987416,8,271.0461
45.246517,42,271.147374
-33.897334,62,271.275984
1.68569,12,271.300086
-17.319724,17,271.338172
-28.293149,150,271.656091
-13.041357,11,271.67922
-23.215057,29,271.740033
3.016728,39,271.827669
-20.743123,52,271.92906
-8.413061,28,271.987296
22.856406,64,272.124659
-43.735007,76,272.281668
-3.981988,38,272.355582
-3.539301,24,272.85506
-1.064447,24,272.900692
-13.767754,34,272.965456
-247.967232,552,274.185479
7.352168,12,274.208552
13.557326,39,274.285759
-32.935794,40,274.361589
27.393666,48,274.455372
30.01961,60,274.569812
-15.980753,30,274.627215
-6.486771,14,274.654222
-6.561231,11,274.675415
-7.538648,126,274.92703
18.272283,54,275.542882
8.169237,18,275.580821
-32.442938,119,275.833708
-9.610667,20,275.876801
-7.718615,12,275.902431
-11.067774,10,275.923467
-11.72343,12,275.949208
-26.570756,30,276.012796
-19.544194,25,276.066015
-1.597773,32,276.134028
-4.134805,13,276.162213
68.426343,66,276.302109
1.558011,13,276.329027
2.373011,32,276.395101
49.715202,68,276.526727
1.987695,15,276.555816
31.057281,22,276.599506
-7.574405,15,276.628968
-402.750073,1000,279.546206
27.903682,34,279.61671
-0.836344,30,279.676516
-12.356571,14,279.703637
-12.421081,15,279.732597
-2.474667,17,279.766999
28.73921,60,279.883544
21.654066,46,279.974322
-428.959707,1000,282.568398
-10.044339,26,282.623021
-469.179876,1000,286.668291
-47.871759,34,286.733551
-53.222683,131,286.988017
-0.315706,11,287.00881
9.302032,29,287.064695
3.167017,13,287.090351
-4.678489,29,287.145805
-9.39616,29,287.20462
27.942915,30,287.862248
-3.695147,14,287.897229
-4.2822,19,287.944655
-2.594169,8,287.964418
-5.133459,18,288.00942
-2.796558,21,288.056553
0.808286,12,288.080837
-7.700345,19,288.117907
1.804834,38,288.191422
0.068877,28,288.251315
-9.229327,11,288.273892
-48.227193,127,288.532681
15.530481,26,288.582505
-209.873087,589,289.755146
11.994656,60,289.888289
2.137592,24,290.511521
0.478416,22,290.565611
12.548602,18,290.610088
0.532989,13,290.642707
-26.970741,42,290.7382
1.786035,15,290.768649
27.521022,42,290.85495
-47.556963,56,290.971143
4.97216,23,291.016821
4.532969,24,291.063184
21.470493,21,291.104126
-4.122942,11,291.126251
4.080863,16,291.161026
7.258964,40,291.239892
2.489872,21,291.281751
4.736049,35,291.353278
0.812918,15,291.386599
14.296189,24,291.433827
-430.486236,1000,294.371793
11.471034,58,294.503378
5.121753,16,294.545022
13.994659,24,294.60648
35.543187,46,294.722486
25.603444,36,294.813124
-29.284526,40,294.910087
9.574504,26,294.960781
-11.252299,25,295.009792
-6.215577,53,295.119568
4.975407,16,295.154213
-26.992887,36,295.222904
0.554765,23,295.266479
-2.336998,10,295.285476
2.144953,14,295.312412
8.492924,19,295.348867
-16.352787,69,295.478771
2.904582,17,295.511252
-11.402236,83,296.158275
-0.596182,12,296.181397
15.979609,28,296.237097
-17.13927,110,296.458799
-360.467129,1000,299.602766
7.416693,32,299.67174
-3.686409,14,299.701945
-19.412004,41,299.789538
4.565999,92,299.986397
-235.513599,1000,302.625211
-8.823624,55,302.732762
-6.13331,19,302.769277
-2.822988,18,302.803849
16.31353,18,302.838463
-388.906603,1000,305.379574
-2.831926,23,305.429884
-3.56806,17,305.464666
-1.972711,31,305.524787
-1.003664,16,305.555062
32.556401,62,305.675553
45.223634,87,307.048907
7.191072,38,307.129968
-21.409716,32,307.197788
-37.861079,353,308.451277
12.934729,28,308.510808
-22.360073,66,308.637616
18.457265,24,308.68439
-253.128888,1000,311.2755
8.657821,24,311.330425
1.595091,63,311.459772
14.270037,59,311.578405
19.097166,53,311.683095
7.910185,27,311.744974
-3.220714,13,311.774067
7.86668,61,311.892168
-216.3372,1000,316.787791
-6.335586,102,317.016848
7.685467,20,317.067489
12.151871,49,317.193159
1.504948,15,317.231941
-0.300446,25,317.295619
-9.948114,13,317.326601
70.880619,96,317.512865
3.659632,21,317.554128
-28.902026,87,317.72511
33.085318,40,317.803229
10.125634,14,317.831167
0.737875,12,317.855114
6.771388,18,317.891098
4.501745,18,317.926758
26.281138,26,317.977114
21.927144,164,318.932053
-11.612022,49,319.036345
21.718821,29,319.094346
2.367308,14,319.122758
6.113594,35,319.193068
-27.719338,118,319.421973
-13.425408,25,319.474195
25.643636,25,319.536607
-5.905723,16,319.576555
10.121413,27,319.64303
-240.484078,1000,322.365841
-4.938967,127,323.764734
0.873617,20,323.807393
27.788941,67,323.950286
-35.81095,110,324.185699
-7.761069,85,324.36616
-3.798608,31,324.427308
-14.435988,32,324.488298
-2.164025,14,324.518428
14.065993,20,324.560988
15.634523,22,324.606145
15.090263,56,324.71673
2.793557,16,324.748692
2.818919,43,325.450748
5.547726,16,325.484385
3.470764,16,325.514364
-20.991063,45,325.604365
20.176817,71,325.746114
4.517186,28,325.801457
5.881748,22,325.84443
-19.077708,52,325.953981
11.24969,20,325.994593
-17.605649,73,326.141704
-0.847444,15,326.16997
-4.907528,15,326.200196
3.587375,41,326.292115
1.490536,50,326.412591
-5.694396,32,326.489474
0.23317,12,326.518783
-20.061052,62,326.669354
-2.886133,23,326.725096
6.216901,29,326.794869
38.803092,36,326.869158
-10.51766,13,326.894547
25.07087,44,326.979266
17.90965,42,327.059142
9.850334,23,327.103731
-36.020812,54,327.20705
26.49041,83,327.366807
-8.607018,13,327.391632
12.659858,30,327.449267
5.637632,17,327.484624
3.292083,48,328.192007
1.015211,14,328.223092
-5.180243,20,328.261693
-2.338108,16,328.2924
31.240658,89,328.485654
-50.219512,88,328.67123
-82.498909,105,328.892799
40.362023,86,329.077093
-258.704098,1000,333.088971
0.255651,13,333.118692
-16.61595,31,333.18408
5.428162,16,333.217268
6.352712,20,333.255506
-31.07552,67,333.38379
22.39968,41,333.463954
-151.396775,1000,336.066711
7.455178,16,336.102682
-7.481053,41,336.184809
50.623105,110,336.394819
7.418137,14,336.421998
20.040694,47,336.512461
10.62613,29,336.568653
-4.051539,11,336.589821
-158.686572,1000,339.63939
23.636844,32,339.701262
99.438417,112,339.920088
9.687418,86,340.56557
15.637092,28,340.619438
71.899156,82,340.778514
-3.300217,15,340.808208
33.776839,34,340.87413
61.580084,75,341.024762
5.413054,12,341.050896
16.733516,85,341.2184
13.783544,39,341.293417
13.037551,32,341.354224
21.072378,72,341.491984
37.30115,111,341.732255
-3.385143,27,341.797076
16.478051,14,341.831308
0.663652,100,342.071455
-30.847905,24,342.129573
5.996942,49,342.248114
18.335672,28,342.301625
9.783276,25,342.353756
-168.436912,1000,345.540825
64.140855,33,345.611552
18.906511,37,345.681704
-20.489527,120,346.526111
2.276444,18,346.562526
-36.667524,56,346.67984
16.392636,34,346.749725
-0.26434,14,346.776243
-11.356962,16,346.806683
-8.105627,20,346.847143
16.719566,39,346.926297
46.675142,67,347.062405
47.509755,33,347.125656
-4.318461,13,347.150512
8.705854,99,347.339523
10.397525,41,347.419716
4.600594,23,347.475683
19.760667,28,347.54424
19.333499,111,347.811469
27.050396,60,347.957982
61.683972,57,348.081382
36.409797,198,348.465574
25.582477,37,348.537391
13.922472,14,348.56445
4.88668,10,348.583639
5.112307,41,349.273354
-1.881232,61,349.390795
45.644181,70,349.524982
-0.600784,11,349.54629
8.691525,23,349.59104
-29.261313,109,349.802164
2.75325,13,349.826983
20.654652,38,349.899642
-5.583492,11,349.920782
-66.638104,125,350.172513
7.915709,12,350.202118
38.090878,53,350.330317
1.166772,15,350.366543
-3.0554,14,350.400529
23.808307,20,350.448964
0.189624,25,350.510038
19.667849,50,350.630858
42.332178,36,350.718596
27.69335,49,350.81782
7.838957,22,350.860768
9.584457,45,350.947394
19.50511,30,351.007639
30.139522,20,351.048375
14.322585,44,351.136831
-1.090375,11,351.158801
-1.100841,28,351.212227
15.90759,43,351.294327
119.628948,67,351.957126
-31.537252,124,352.195343
-5.211783,18,352.229838
-63.252215,1000,356.264755
-5.896497,35,356.348105
-18.003445,42,356.450173
4.339515,17,356.49097
-6.115144,23,356.546964
60.181858,50,356.668128
74.11052,69,356.836255
-8.051305,55,356.95394
6.471985,9,356.971066
51.903033,36,357.039371
-77.900046,1000,359.802504
5.87578,12,359.830081
-0.227634,49,359.92797
24.21635,36,359.997327
-32.189583,84,360.161098
23.518687,19,360.198115
42.499412,42,360.773086
14.035264,20,360.81172
72.806296,52,360.910897
-1.779027,25,360.959031
22.768313,28,361.01357
1.290795,17,361.050724
-20.926668,44,361.143562
19.096235,140,361.892909
45.260867,58,362.004506
21.901983,33,362.068442
-65.180385,1000,364.631711
45.326302,38,364.707458
13.51158,59,364.823703
6.168714,20,364.873116
-39.795498,1000,369.532619
-5.998841,17,369.571139
3.214047,38,369.645041
-30.6474,89,369.814743
30.282574,35,369.881389
0.839985,88,370.059608
-12.268373,79,370.214715
13.116242,12,370.238292
76.171295,63,370.360364
9.897452,38,370.433877
62.947421,90,370.610538
13.713281,34,370.679193
9.587975,72,370.876469
15.388057,14,370.913769
-1.569636,34,370.996381
30.319515,36,371.082819
1.03238,14,371.11607
-3.34414,11,371.142623
57.645249,55,371.274529
64.323658,62,372.022586
49.359147,83,372.184552
43.451962,48,372.276915
6.425634,15,372.307902
42.45989,66,372.437498
41.547173,75,372.584485
-2.559393,7,372.598116
4.538856,14,372.624764
35.974393,35,372.691921
-3.08432,13,372.722222
35.389702,60,372.848522
-16.174226,1000,375.582558
63.117798,77,375.732963
-2.633458,24,375.778908
20.775949,52,377.274468
-1.450457,28,377.330147
3.725403,20,377.368929
-22.985341,75,377.513005
35.224092,28,377.568573
2.867875,25,377.617419
14.274423,138,377.89414
41.070507,95,378.088062
31.269874,44,378.174502
57.898757,63,378.741813
-2.238583,19,378.782793
67.515353,53,378.885609
8.621874,45,378.973799
-17.592418,56,379.082367
-21.202287,87,379.264665
21.451515,31,379.340563
-1.412067,8,379.360019
-27.65879,69,379.528126
10.802563,35,379.613887
31.171229,33,379.693431
14.047942,36,379.780409
30.340367,32,379.855761
34.282854,1000,382.398294
2.790118,12,382.427483
24.277796,21,382.478234
0.564873,12,382.507334
9.800688,21,382.558777
42.759067,110,382.815826
16.488066,58,382.93595
-6.239208,1000,386.270285
8.185519,42,386.351582
5.706117,13,386.376332
82.007458,153,386.672281
20.531018,169,387.607825
79.585711,64,387.731179
25.529481,30,387.800307
11.420643,34,387.881287
69.500941,87,388.089222
36.788935,74,388.269181
-0.780295,168,388.613626
46.172394,1000,392.886058
31.241862,40,392.963042
38.175943,102,393.16417
50.979605,103,393.36931
48.675915,32,393.431575
44.450866,168,393.851377
-7.178742,34,393.933767
41.389496,72,394.574851
75.703561,90,394.750402
-2.53666,31,394.810288
101.680916,1000,397.486027
29.819634,56,397.597563
46.957568,68,397.726107
31.091176,49,397.823657
0.823633,16,397.856255
3.059939,12,397.879347
40.20169,34,397.944452
46.744378,55,398.051435
1.009245,9,398.068791
4.018019,14,398.095533
-27.887438,58,398.207449
-15.596606,81,398.363805
8.449086,23,398.408447
36.791343,234,398.85868
42.307092,44,400.040418
46.582779,140,400.796215
-14.437442,16,400.82687
18.089486,25,400.874011
21.195336,34,400.938414
85.3695,80,401.098293
15.496195,34,401.167365
-9.633726,17,401.200669
14.839434,42,401.291453
10.136548,13,401.318643
-8.32022,136,401.591872
20.901034,56,401.701596
53.959027,46,401.791138
16.228537,39,401.867246
-14.548863,20,401.908733
39.950801,85,402.074068
11.063811,16,402.10971
26.606147,29,402.180248
16.190411,16,402.217699
4.374925,12,402.246816
70.343034,118,402.5337
43.436459,86,402.734103
-11.734538,29,402.796109
29.43688,50,403.35923
83.302923,89,403.535239
33.055449,57,403.644508
1.69819,18,403.679904
-48.071845,145,403.958808
13.902732,32,404.019629
7.292677,13,404.04504
64.660144,28,404.099132
21.749637,27,404.151024
25.47445,26,404.200503
12.548435,20,404.23904
31.926701,38,404.311241
24.063096,30,404.370491
85.349539,91,404.546751
48.54765,83,404.711367
-3.464865,59,404.826695
38.480015,68,404.957614
2.605479,24,405.004078
-4.125342,40,405.096683
22.744243,47,405.227678
50.360459,107,405.999956
12.003324,15,406.031566
12.823072,49,406.125367
24.788654,1000,411.249218
15.945866,31,411.325504
16.441913,31,411.400225
139.447065,1000,414.167528
58.372018,31,414.243252
52.373105,67,414.404634
151.183717,674,418.083871
56.298107,80,418.277631
8.239171,14,418.312525
81.004554,117,419.186516
29.755129,263,419.69206
39.868627,49,419.785185
13.945011,20,419.823904
25.134346,31,419.882844
14.511692,21,419.922974
8.315757,29,419.977718
29.669472,98,420.165295
23.270488,20,420.203735
1.467104,14,420.230461
50.33907,99,420.428842
8.379332,11,420.450133
21.913811,24,420.495771
156.819461,1000,423.094848
4.124888,12,423.11848
201.04088,339,424.428181
12.059946,16,424.459882
45.414305,77,424.611248
14.836445,18,424.646327
99.449891,66,426.457509
10.245384,30,426.516521
-6.312078,15,426.546549
36.378927,76,426.698452
99.413522,106,426.906033
14.442488,189,427.281706
37.879854,38,427.356398
19.064346,47,427.455403
16.158676,20,427.504359
-14.080304,36,427.591862
190.415629,1000,430.079113
8.252908,25,430.126909
91.843713,88,430.334967
267.159566,1000,437.798235
8.945107,11,437.823337
-2.390781,25,437.87304
52.479309,117,438.112699
40.107081,58,438.694125
87.210247,110,438.904625
45.437102,32,438.979525
199.389501,159,439.361094
21.960749,156,439.690898
18.667683,17,439.722956
57.337171,52,439.821395
43.754397,40,439.897374
75.307095,66,440.033206
54.500711,86,440.217033
232.598092,1000,442.770319
23.939738,23,442.816421
26.063585,42,442.898054
63.655389,91,443.076543
72.907361,81,443.231658
5.921965,21,443.272051
25.267844,38,443.344595
19.307063,15,443.819207
148.391575,102,447.873272
67.597872,82,448.071032
16.041695,23,448.126566
35.418913,32,448.204737
32.000917,23,448.260394
-3.895237,56,448.394874
17.65888,35,448.474774
8.315982,14,448.50126
14.371831,26,448.550291
3.75926,42,448.629431
51.561935,60,448.743309
77.653054,101,448.935607
54.148068,129,449.182377
11.618937,32,449.245936
3.737193,14,449.273065
46.307317,35,449.339249
7.473365,14,449.365842
-2.823928,28,449.427751
90.447624,172,450.201489
74.824123,93,450.403184
30.580715,37,450.475443
83.032022,302,451.179898
55.697243,52,451.28201
37.131971,32,451.343883
141.014802,156,451.650593
14.164735,15,451.679909
3.441326,15,451.711604
10.72997,15,451.741748
43.198535,38,451.814494
74.915287,109,452.023752
45.21556,54,452.128245
10.700709,45,452.215697
23.995478,24,452.265236
215.578143,1000,456.766924
180.950046,1000,459.264643
63.619146,107,459.9804
77.748179,147,460.270267
29.611002,31,460.331033
132.016556,279,460.913772
262.320518,1000,466.85622
5.004339,20,466.896689
87.938257,113,467.117761
161.158477,197,467.52493
81.972766,137,467.85889
38.215071,20,467.909567
4.244711,40,468.011561
16.464133,26,468.068697
65.838731,50,468.780103
27.017606,36,468.848235
294.655112,1000,471.508546
12.406619,35,471.576339
2.81048,130,471.835846
13.256036,24,471.887632
56.925464,55,471.993736
32.312477,134,475.1201
149.659071,171,475.456885
90.621578,82,475.62276
45.94877,83,475.833308
69.129764,151,476.186224
93.430546,111,476.890564
146.007656,156,477.190425
40.850788,82,477.351189
130.890525,112,477.580314
-5.135414,251,478.092634
10.871696,23,478.140166
44.833122,66,478.288032
89.900546,74,478.476947
296.524321,1000,481.001391
112.6727,165,482.973757
14.443501,28,483.02888
23.775894,64,483.157362
55.388824,44,483.704347
269.248296,1000,485.749517
30.154717,38,486.3044
21.245522,110,486.57561
342.7011,1000,489.121668
344.957054,1000,493.20516
16.547539,30,493.271415
69.17443,41,493.354788
74.756799,82,493.515234
38.545122,165,493.835991
41.205389,42,493.917653
95.61931,197,494.335109
319.410906,1000,497.077922
144.328828,229,500.051417
1.377775,13,500.077009
306.013043,1000,502.784016
17.157036,26,502.836948
293.543785,1000,505.49517
-2.243834,110,505.706635
23.923391,46,505.794656
216.772426,377,510.320511
48.815584,43,510.428401
3.451999,16,510.468906
62.009483,97,510.695185
230.765955,214,511.105648
350.092713,1000,513.813787
392.0714,1000,520.004979
56.125708,132,520.268278
80.911308,65,520.396134
32.92154,51,520.495981
37.289251,49,520.593462
393.617985,1000,523.257529
138.569256,242,524.282673
39.649509,52,524.405132
47.046575,44,524.493942
121.305759,268,525.026666
19.520297,33,525.098773
524.290617,1000,531.440492
76.348822,66,531.569846
29.803999,48,531.662221
1.496124,25,531.710737
343.890731,1000,534.331189
382.358287,1000,542.646132
103.028535,71,542.786603
-3.202684,41,542.865834
146.851236,156,543.170192
36.165392,54,543.288581
15.348502,30,543.356002
338.784006,573,545.20924
9.194535,26,545.25864
74.753481,71,545.393669
102.884267,118,545.621112
438.334727,1000,548.329246
443.528207,1000,552.918227
86.762888,92,553.094702
193.166438,145,553.372806
58.996834,70,553.508414
53.367142,52,554.065844
450.340637,1000,556.633728
112.707768,79,556.793812
58.874526,104,557.00118
207.161029,229,560.129785
5.052331,10,560.148827
152.008996,177,560.519924
47.973774,185,560.920972
54.488012,50,561.056142
422.569591,527,562.603501
73.294216,66,562.73086
32.496982,69,562.862976
133.799451,181,563.210717
374.299101,1000,565.841178
13.341617,27,565.901366
39.592814,84,566.069246
437.843974,1000,572.75129
208.379284,345,573.994707
158.50057,144,574.276352
21.768884,29,574.330796
13.100146,22,574.373025
39.993489,54,574.477045
60.992346,70,574.614238
182.297393,186,574.971971
424.812193,1000,583.104235
40.878709,40,583.185829
163.387082,130,583.440194
477.825245,1000,585.987485
226.718953,301,586.602798
38.816629,55,587.214493
256.607379,145,587.501226
40.950248,49,587.595473
438.890128,1000,593.248763
35.975571,48,593.346147
131.984871,161,593.668541
74.949188,145,593.975562
105.001955,111,594.211826
444.231566,1000,596.897597
7.985869,60,597.01941
237.575198,438,598.351731
58.268942,57,603.260117
50.298131,146,603.572655
132.354509,123,603.837263
76.160893,73,603.994226
237.446068,640,605.805897
252.899751,258,606.348183
29.271533,18,606.387382
89.544503,269,606.956321
153.341955,266,607.517689
496.061529,1000,616.093211
254.539691,281,617.192155
121.621962,171,617.537831
461.639628,1000,620.148663
49.258573,36,620.218399
65.995027,53,620.320016
120.322011,167,620.644832
36.18688,76,620.790258
84.79866,153,621.083925
432.011404,1000,628.573736
461.122224,1000,631.189691
79.28681,84,631.353408
162.233725,450,632.905202
-0.144047,27,632.962268
24.333601,40,633.040542
127.947259,141,633.322532
66.930234,70,636.559576
28.880079,40,636.644728
637.531171,1000,639.143295
41.812637,97,639.387324
28.437564,43,639.478505
133.983525,198,639.86826
40.719526,38,639.942991
40.504143,27,640.002846
108.494597,95,640.661201
25.850538,25,640.716457
287.101524,296,641.321987
214.976946,203,641.76404
348.089095,451,646.793275
577.844759,1000,649.377444
205.930159,222,650.572145
207.09921,319,651.184607
36.998681,41,651.263536
496.19562,1000,659.913679
317.031275,201,660.333669
419.668695,390,661.743221
541.52587,1000,664.440568
223.421717,278,665.076159
30.321368,29,665.145618
433.762155,502,672.689142
533.000231,1000,675.471157
325.218237,406,676.93285
286.27778,341,677.611301
103.115297,146,677.911626
239.87517,274,678.541071
111.765752,119,679.375547
293.565453,245,685.293652
513.323014,1000,688.080099
385.626503,405,688.895328
635.413284,1000,691.681796
218.255627,184,698.225071
363.421298,507,699.920507
257.488832,270,700.471189
62.645708,69,700.61341
521.623435,1000,703.298757
5.258841,13,703.327492
45.447474,35,703.397332
525.903267,1000,711.560319
523.127672,1000,714.069017
108.21789,96,714.312548
88.657715,57,714.455813
548.698482,1000,724.098476
604.448158,1000,726.817745
139.91627,190,727.184659
357.785905,586,729.00878
506.938768,1000,735.901538
243.720024,195,736.296119
14.1003,33,736.367168
119.39239,103,736.572634
39.541361,23,736.621486
124.16193,174,736.991307
118.421493,117,737.841703
166.556127,247,738.370947
168.095362,140,738.66978
81.324473,107,738.89691
154.399464,229,739.383752
186.28197,164,739.742371
279.637304,356,741.032359
304.770519,517,747.980433
578.791469,1000,750.727295
847.529893,1000,753.452813
433.186321,670,761.893005
535.457315,485,762.989893
312.956688,295,764.203991
781.401537,1000,766.984082
165.99748,138,767.27896
1007.050256,1000,775.523585
237.202701,340,776.250477
55.877673,96,776.454527
251.799966,420,777.956284
579.221726,1000,787.847604
73.004733,64,787.986263
126.414412,134,788.278218
129.842483,136,788.575482
20.305629,21,788.621111
52.370818,42,788.707843
318.058267,231,789.190942
41.756286,46,789.288256
312.661931,282,790.509134
517.791294,551,791.721054
786.084618,1000,801.421734
310.125523,262,801.978645
192.77342,155,802.385061
986.141299,1000,805.399706
669.385209,1000,815.039387
636.211509,1000,817.96523
113.892564,93,818.174107
78.02147,60,819.037044
921.266394,709,820.441444
258.884291,217,820.890403
114.6032,101,821.875353
216.640336,164,829.792302
419.603163,349,830.599367
127.831091,104,830.836328
723.418923,635,832.580796
595.842387,1000,835.202648
83.856112,92,835.397588
821.799802,1000,844.362401
118.331956,112,844.578953
8.958483,11,844.600498
684.819006,666,846.706321
111.395302,91,846.880899
113.555288,102,847.084432
661.58891,612,848.496463
897.723501,704,857.344565
79.257631,72,857.529841
277.581376,200,857.950776
560.284596,427,859.336647
179.503591,164,859.66885
42.421053,34,859.740753
48.464408,45,859.838263
94.484561,94,860.069366
15.56705,22,860.125578
265.985888,261,860.689975
191.696742,213,861.690547
226.182463,200,862.142883
1132.736994,1000,871.71129
128.351407,96,871.917307
13.122047,13,871.946712
96.58049,77,872.107341
90.941736,81,872.283997
931.809992,855,874.756099
129.27803,111,874.994517
178.380142,154,875.324725
146.716555,146,875.646115
1241.343099,1000,885.392208
100.941983,107,885.622911
519.653262,537,887.368561
474.517862,397,888.241899
393.092735,243,888.832701
693.768268,1000,898.235937
602.861437,1000,900.976535
676.667212,452,902.387338
216.717196,454,909.981704
721.634124,1000,912.574564
200.130198,131,912.835514
140.046744,116,913.07461
1106.330007,1000,915.756593
667.457015,509,925.828993
947.388492,1000,928.683142
449.389487,399,929.529155
55.83067,40,929.617296
145.596306,125,929.892421
827.872057,877,938.886277
659.582907,1000,941.480439
689.780971,1000,944.161747
1032.580786,1000,953.052036
734.173228,1000,955.705009
1058.530828,1000,962.889524
44.946543,35,962.958922
1197.198367,939,965.394736
1132.937168,1000,968.064304
731.681317,455,974.696601
994.166975,841,976.313221
233.721571,155,977.190171
728.876948,1000,979.827264
540.668586,344,987.600247
758.956791,1000,990.217822
485.630642,352,990.971268
31.697586,32,991.040058
602.78576,1000,993.697701
43.138186,58,993.822478
1261.563043,1000,1003.902642
1043.142471,788,1006.084227
154.311988,120,1006.33908
36.825704,38,1006.420134
282.865668,188,1006.820649
570.27005,1000,1016.581638
869.656345,1000,1019.246339
196.433349,122,1019.506924
14.074168,23,1019.555498
126.854393,98,1020.26373
640.60773,421,1021.160789
1421.3578,1000,1030.718747
511.925004,341,1031.373626
545.68564,389,1032.67584
178.635227,115,1032.921429
883.783181,1000,1041.828186
103.340756,88,1042.008658
623.463653,437,1042.966604
140.035217,78,1043.115705
1136.045326,1000,1045.761497
1031.454437,658,1047.68138
246.55662,161,1056.29103
442.801539,343,1057.026752
787.70928,1000,1059.682225
74.044765,60,1059.815773
345.789393,233,1060.813502
584.253061,395,1061.657083
9.451858,15,1061.689348
1037.887252,1000,1069.653803
57.310359,41,1069.743029
739.419852,1000,1072.382004
1060.960374,683,1074.360708
1500.890125,1000,1083.573002
554.181915,374,1084.282602
613.710958,1000,1087.040612
1381.620078,1000,1097.028029
881.512242,569,1098.781102
610.212854,519,1099.920216
805.906373,594,1101.799007
156.077065,166,1109.706844
1259.173522,1000,1112.376378
1084.099217,1000,1115.110094
1296.839052,833,1125.5346
1481.892872,1000,1128.095494
188.328259,144,1128.401046
1501.175772,1000,1131.045664
112.15429,78,1136.403307
1482.500136,1000,1138.930285
223.450799,145,1139.277144
1356.132034,813,1141.342816
1312.937577,924,1149.925353
178.931907,141,1150.225908
722.11896,511,1151.317165
697.917214,1000,1154.081261
1085.37642,670,1162.485068
541.956907,403,1163.342122
1234.851182,1000,1165.989202
757.853135,1000,1176.757049
352.728877,239,1177.266186
264.678131,157,1178.204135
518.732956,283,1178.802495
1400.627615,840,1181.168429
618.143996,381,1181.917219
1485.851304,1000,1190.826083
519.533682,302,1191.469989
1588.046175,1000,1194.224558
340.481122,164,1194.579531
556.888282,768,1203.517582
345.277332,206,1203.956988
394.563372,212,1204.982644
760.749551,1000,1207.62659
231.502368,132,1207.906388
194.630166,101,1208.122468
483.566148,305,1208.773222
1116.933933,1000,1216.262172
13.891493,15,1216.293894
86.584779,64,1216.430471
1614.630395,1000,1219.06544
1203.017771,1000,1227.534127
1569.819409,928,1230.056872
508.06839,275,1230.641412
1563.40309,997,1240.50039
866.214806,1000,1243.005442
400.664922,256,1244.028142
1571.284562,1000,1246.662658
1019.506114,1000,1256.70803
1002.445528,539,1258.383368
14.121171,20,1258.426181
372.00023,215,1258.884014
81.647119,51,1258.992539
122.683621,60,1259.12001
125.873224,68,1259.266951
327.826036,212,1260.221417
1567.584781,1000,1269.486147
489.405387,338,1270.202492
1184.872228,1000,1272.828119
133.994312,122,1273.084728
318.377978,164,1273.432351
457.336419,270,1274.01099
1037.374444,729,1283.184491
61.503485,31,1283.252882
153.365264,85,1283.442739
631.451722,326,1284.670602
1785.599112,1000,1287.281183
671.747755,478,1292.498686
828.468633,1000,1295.008666
137.577475,88,1295.22665
736.906222,1000,1297.810042
417.542276,277,1298.398726
36.411068,22,1298.446678
782.856228,1000,1307.523101
265.351811,163,1308.311238
863.845817,1000,1310.410942
1795.53335,1000,1320.522228
1097.551707,669,1322.390052
741.03778,1000,1324.964379
915.072278,512,1332.738313
332.071516,199,1333.128845
74.399357,43,1333.211005
1773.237676,1000,1335.701784
995.534098,1000,1338.312965
579.664645,315,1344.028118
1234.190814,1000,1346.51437
770.028786,475,1347.953331
1634.168192,1000,1356.279231
934.520047,528,1357.88013
229.775207,121,1358.113632
364.627613,206,1358.507154
309.242143,214,1359.399577
1375.51911,788,1361.035455
906.209275,556,1368.503274
1093.259071,638,1369.863048
1121.240431,608,1371.65077
343.867764,175,1371.998389
1740.10779,1000,1379.420541
0.095706,15,1379.452861
698.14939,1000,1382.08348
1694.092995,989,1384.740396
1559.738043,1000,1393.224253
1631.929758,878,1395.588867
414.881366,254,1396.124629
95.226949,45,1396.220207
327.138727,184,1396.611392
1268.998519,735,1405.43609
1769.645641,1000,1408.049994
1705.764086,1000,1410.66678
846.897348,1000,1420.446721
1361.1472,695,1422.421816
1350.27287,1000,1424.983392
1825.430603,1000,1435.537438
597.757736,390,1436.360014
1326.196781,1000,1438.937198
1881.446628,1000,1448.385097
675.972213,356,1449.147639
520.797086,287,1450.257491
1398.417627,752,1451.785578
1741.41016,1000,1461.46096
220.761334,111,1462.186517
1725.85464,1000,1464.803269
1376.454932,768,1474.560614
29.405016,25,1474.613837
485.882668,277,1475.70065
303.941222,203,1476.130311
1658.939807,1000,1478.746542
745.972039,470,1479.739906
753.962233,420,1481.082918
910.027199,493,1488.305629
1825.112182,1000,1490.913705
1844.27477,1000,1493.537212
859.570195,458,1501.761392
1932.023341,1000,1504.38409
856.646533,460,1505.853726
172.682324,72,1506.003482
1900.024199,1000,1515.501691
37.316521,18,1515.54027
363.576768,217,1516.001028
878.707406,1000,1518.626204
1130.087639,1000,1527.5725
743.213886,1000,1530.089928
458.026293,234,1530.58393
344.613676,224,1531.557575
74.734425,54,1531.67227
1506.425963,1000,1542.490237
1834.86195,1000,1545.025644
1797.626752,1000,1547.585749
903.100988,454,1556.419089
1408.905669,733,1558.530339
1003.546803,1000,1561.181453
1299.158583,1000,1573.452681
1653.125523,1000,1575.973567
684.67376,1000,1578.587573
1770.669728,1000,1589.158606
479.359943,226,1589.586391
1970.714992,1000,1592.145711
441.805591,225,1592.622386
1963.777648,1000,1603.521799
1826.068352,1000,1606.174492
729.55635,402,1606.966117
1916.457567,1000,1615.04987
1836.582775,1000,1617.613208
244.189534,162,1617.937654
234.816024,128,1618.668233
169.350486,89,1618.844235
1055.65919,535,1626.078933
609.313362,320,1627.251114
1764.245292,1000,1629.390287
1095.574562,1000,1632.001758
1528.674167,842,1638.889068
99.387447,45,1638.990073
1316.771899,1000,1641.75216
39.136993,31,1641.821773
955.937158,487,1643.479766
234.251256,126,1643.744703
941.266606,479,1649.981339
1365.70455,740,1652.082746
958.039656,1000,1654.768111
358.021169,199,1655.188695
502.57907,404,1661.314935
985.243216,513,1662.375255
1646.552255,798,1664.61235
450.844658,261,1665.126094
1932.024849,1000,1674.776138
72.126711,61,1674.904107
929.329007,448,1676.33601
712.626268,1000,1678.939401
1851.143217,1000,1688.253456
1386.567193,1000,1690.959106
864.209466,447,1691.90135
1843.030912,1000,1703.015265
155.081702,107,1703.238312
1887.36178,1000,1705.937409
1890.429847,1000,1708.616937
762.596643,1000,1716.377899
1041.494087,478,1717.97743
488.912249,274,1718.552656
359.081499,187,1718.944965
796.653276,357,1719.689345
1521.619835,753,1728.903891
2.515888,30,1728.965781
24.104288,18,1729.00325
1243.616247,652,1730.956252
144.506804,74,1731.109502
666.397904,1000,1733.787647
140.908047,86,1733.950763
711.121047,1000,1743.991213
190.804417,123,1744.249085
151.28751,123,1744.50571
18.009768,19,1744.545673
1554.87636,1000,1747.245739
726.593369,389,1752.044261
1368.56539,701,1754.075226
672.507121,351,1755.420193
1833.794307,1000,1757.518131
657.281439,374,1758.887632
2021.635882,1000,1767.10352
1978.191147,1000,1769.796794
184.388858,114,1770.034272
1665.134773,1000,1778.502408
890.345018,401,1779.279506
317.759135,159,1779.577956
1767.223268,1000,1782.306666
157.121722,87,1783.08464
200.5906,94,1783.279776
976.01582,492,1790.322778
1910.590389,1000,1792.800056
2064.0334,1000,1795.282498
350.887337,163,1795.59832
300.199834,157,1801.346274
1018.056271,481,1802.855742
436.576819,241,1803.364503
557.469694,275,1803.947192
2098.169713,1000,1806.590839
1942.401715,1000,1814.142427
2073.074442,1000,1816.819947
453.555151,248,1817.351455
1804.452595,1000,1824.707779
910.410018,530,1826.347284
960.361634,1000,1828.976391
18.290397,14,1829.005806
271.237303,119,1829.253884
970.854308,1000,1839.473621
139.673593,78,1839.68756
658.694238,346,1840.428957
1878.55557,988,1842.977072
37.870924,27,1843.035618
834.037097,367,1844.291183
359.652217,181,1851.762061
1962.256009,942,1854.221338
2164.715037,1000,1856.791459
1552.641932,1000,1865.877237
611.728462,262,1866.385948
371.610509,217,1866.856581
498.177552,251,1867.84819
294.188717,147,1868.121112
1114.323159,524,1869.128706
2067.976875,1000,1878.746991
1527.275649,757,1880.723253
2066.900811,1000,1883.183095
2204.097373,1000,1893.817839
1514.299528,1000,1896.393873
1560.131608,1000,1906.595713
1420.319944,729,1908.610601
586.439251,282,1909.20167
1016.520767,1000,1911.681831
2159.398439,1000,1921.37203
744.403044,341,1922.101452
276.266156,141,1922.398875
1443.331535,625,1924.321473
607.796432,289,1924.924284
450.317013,222,1925.346636
1418.308428,720,1933.569407
871.207545,1000,1936.264394
769.704487,536,1937.994359
1724.041911,1000,1945.397657
1695.047686,732,1946.962601
1836.959418,946,1949.53661
1821.850303,786,1957.896902
2213.449875,1000,1960.562106
1411.151184,651,1962.518071
661.840154,345,1963.237299
1289.561182,662,1971.617264
1442.052629,706,1972.975901
155.097684,81,1973.175184
724.743014,356,1974.344187
1976.750464,1000,1982.015458
31.663088,20,1982.057588
520.013004,239,1982.55927
1498.950643,799,1984.702245
755.076517,397,1985.442046
1662.502979,866,1994.758281
95.409649,72,1994.908103
2125.78451,1000,1997.488982
1776.616004,907,1999.813186
1583.598485,754,2008.116008
1431.111169,788,2009.77176
1811.258016,921,2012.201391
1275.846977,580,2018.436554
79.555352,41,2018.511993
1052.535326,492,2019.485058
427.662254,209,2020.559696
905.324212,1000,2023.23892
1052.963904,449,2024.177557
756.576796,365,2032.281565
212.069824,134,2032.580083
495.881852,343,2033.990597
13.296743,17,2034.02231
1723.805336,1000,2036.613538
154.926864,93,2036.809794
1197.487074,1000,2044.014728
108.407706,53,2044.125771
415.669364,208,2044.526283
1697.525125,883,2046.929207
133.408458,51,2047.024804
481.867821,235,2047.524929
304.633489,159,2047.874883
906.995924,476,2049.371052
599.681344,336,2055.766168
518.398733,265,2056.320227
1969.076366,1000,2059.011508
59.117955,41,2059.100303
981.052746,581,2060.804158
480.410235,221,2061.280532
57.289706,44,2061.390758
1573.057731,802,2069.364575
339.30389,173,2069.726186
169.630515,140,2070.024851
774.40597,382,2071.424817
30.269836,24,2071.475579
1660.820185,834,2073.786169
433.403439,237,2074.31029
975.386476,504,2081.548585
299.518289,201,2082.533555
1352.01242,1000,2085.241944
405.917266,195,2085.654163
239.480669,119,2085.908427
1401.784091,1000,2095.061761
1594.820465,797,2097.216955
498.676413,294,2097.839777
829.376357,444,2098.779029
408.72212,182,2099.170544
1250.188814,1000,2107.39806
876.953866,448,2108.906804
343.359165,139,2109.243117
1235.73233,584,2111.044936
42.056034,27,2111.095678
1070.056875,1000,2119.638035
2069.461901,1000,2122.322274
74.182203,48,2122.413114
1814.169029,906,2124.239807
1963.020792,1000,2133.523892
386.547547,204,2134.466289
319.263471,129,2134.740985
240.505929,111,2134.975868
644.925486,320,2135.653644
595.906352,276,2136.238443
59.422289,33,2136.764788
60.807531,34,2136.829754
1806.009714,992,2145.426031
941.107264,1000,2147.549785
2207.894241,1000,2150.153909
506.350231,268,2156.471869
1620.998959,833,2158.742044
1057.653255,484,2159.762553
262.13234,153,2160.084628
910.247486,1000,2169.388725
1444.412389,725,2171.264247
514.640727,285,2171.887348
1967.733258,1000,2174.386315
88.057406,48,2174.487144
743.976527,1000,2183.113128
966.826234,1000,2185.647995
886.346355,423,2187.032924
108.292191,67,2187.158607
97.137196,50,2187.258093
20.875011,26,2187.306948
928.893267,493,2193.371265
822.850677,1000,2195.966547
2102.315164,1000,2198.578466
90.98302,65,2198.716528
1096.275149,513,2206.354398
1935.289018,1000,2208.982306
673.890989,351,2209.720207
118.134962,65,2209.857339
149.262997,76,2210.017697
220.876597,104,2210.236068
318.453794,230,2210.720998
905.647791,408,2218.230769
176.64109,95,2218.409629
2111.799301,1000,2221.035496
1859.272247,1000,2223.64861
8.808715,14,2223.678845
2028.081556,1000,2232.853904
2145.52017,1000,2235.500713
1722.040274,1000,2245.26203
1929.639539,1000,2247.830056
154.335065,84,2247.993681
2014.82896,1000,2250.542043
589.135932,259,2251.057085
2068.726534,1000,2260.027309
43.96555,32,2260.095124
53.801613,33,2260.164043
2055.78043,1000,2262.782955
1226.20837,1000,2270.209581
710.805065,320,2270.889453
232.10523,165,2271.730758
916.29553,491,2272.770353
360.457208,210,2273.21275
1744.103411,873,2281.422985
447.890946,246,2281.902043
1426.064265,1000,2284.435823
1517.185202,1000,2287.057063
988.522679,474,2292.616673
1565.781852,751,2294.704711
1533.880009,704,2296.080051
1238.427597,1000,2305.308007
1986.57637,1000,2307.89739
908.425589,1000,2310.394779
1269.860349,1000,2317.789272
763.0308,1000,2320.416342
633.136032,265,2320.97776
1787.02888,1000,2329.246
633.192995,271,2330.297256
187.488474,108,2330.525754
2058.804941,1000,2333.130781
2063.62462,1000,2342.717353
718.001896,349,2343.484966
624.595591,299,2344.05416
910.446111,1000,2346.622344
1532.484877,771,2354.580348
1332.358705,704,2356.460918
754.395891,395,2357.286295
434.341479,193,2357.679988
1382.322492,1000,2367.201506
15.962936,14,2367.231497
61.416621,33,2367.300653
900.243115,502,2368.776843
864.760802,1000,2371.255404
1520.472193,1000,2378.836519
1090.279661,534,2379.974408
1587.922425,853,2382.283115
348.567601,151,2382.601546
1438.689974,1000,2390.944987
2004.704773,1000,2393.54301
1062.775982,1000,2396.16958
556.378259,304,2401.175455
946.260256,469,2402.543565
1951.220849,1000,2405.098541
329.623055,152,2405.419592
2053.559916,978,2413.712995
19.908672,16,2413.746738
1540.840712,716,2415.69294
399.694905,218,2416.122442
1277.264095,636,2417.860093
2129.091943,1000,2424.37221
1898.664676,873,2426.22487
783.390074,371,2427.517597
457.83412,180,2427.899486
681.293791,344,2428.627972
623.344828,1000,2437.12618
31.719417,29,2437.188209
1841.916296,941,2439.661656
2247.818004,1000,2442.268131
891.728777,1000,2450.240624
319.695595,155,2450.542823
144.56976,66,2450.682152
1990.723683,1000,2453.282447
1286.662834,1000,2463.903668
1693.894019,1000,2466.396436
2077.005459,1000,2477.227525
819.605089,374,2478.425484
524.046159,285,2478.968232
1685.65054,848,2481.19238
307.521355,216,2481.659779
619.406236,285,2482.264183
2060.550531,1000,2487.880317
896.654191,1000,2490.498898
456.730507,240,2490.960787
187.401085,95,2491.139489
516.282769,227,2492.145236
2052.531797,976,2501.566621
869.839721,1000,2504.198736
683.861574,289,2504.752828
2118.073597,1000,2513.695716
565.28525,405,2514.566076
810.581795,490,2516.116978
1340.16676,1000,2518.726293
2125.433099,1000,2528.635913
2028.054728,1000,2531.253198
1456.015231,1000,2539.270138
1735.803488,1000,2541.843394
1474.982033,1000,2544.457017
168.710973,84,2544.635711
1272.261793,682,2551.753973
305.626784,158,2552.522393
185.540054,90,2552.698272
732.840902,1000,2555.272322
1643.038675,748,2564.938748
682.561499,1000,2567.522362
526.848868,259,2568.640399
1935.127826,886,2570.48921
903.307529,513,2580.043544
993.149135,1000,2582.577413
1219.596316,624,2584.327306
2125.666037,1000,2592.251798
1001.010195,564,2593.915596
1053.474557,1000,2596.428318
316.134327,132,2596.67621
1086.323888,539,2605.476201
2102.549579,951,2607.929085
1783.439827,996,2610.402087
2235.868504,1000,2619.300463
1295.492325,646,2620.654926
438.777592,214,2621.103302
86.018356,52,2621.216073
162.508178,99,2621.877271
2135.198066,1000,2628.445209
2166.260283,1000,2630.548427
34.451285,38,2631.118635
2061.264563,1000,2633.705936
2114.60366,1000,2639.376503
877.082637,381,2640.602941
2214.439532,1000,2643.164115
1215.830169,617,2649.374713
2135.542584,1000,2651.894747
2010.987953,1000,2654.407616
1473.404121,685,2661.548447
228.297704,246,2662.067542
566.529544,349,2663.287559
549.460502,288,2663.895259
1239.193165,597,2665.641389
2164.075069,1000,2674.251318
744.526072,376,2675.531203
1756.540738,859,2677.841624
1082.743012,496,2678.88538
1310.735231,693,2686.470498
2143.231826,1000,2689.118748
1803.633833,887,2691.484015
357.971907,177,2691.854874
374.735967,197,2699.206092
403.169011,197,2699.679987
1002.26689,426,2701.025468
1349.433609,714,2702.541703
414.597106,209,2703.474137
937.679978,441,2704.397702
2197.040138,1000,2714.649195
1634.099742,825,2716.865081
313.647581,144,2717.166662
960.11082,495,2718.205532
798.717463,334,2719.399743
1530.891464,1000,2729.508536
2024.358876,1000,2732.100309
853.26214,386,2732.908616
35.716676,27,2732.965023
2080.701707,1000,2742.004448
1747.550025,817,2744.215028
1989.298951,1000,2753.032702
2235.465997,1000,2755.556659
2049.991596,1000,2758.078915
23.140392,28,2758.137555
1960.955439,1000,2767.062879
1778.649605,1000,2769.558256
1051.867097,539,2770.683359
101.619038,58,2770.791803
1766.411273,891,2779.105257
1751.845934,1000,2781.655406
1086.857701,1000,2792.659426
2181.769243,1000,2795.151696
2121.584889,1000,2797.646816
712.915103,475,2804.495171
1594.522553,1000,2807.085481
1381.577129,1000,2809.600137
970.977559,1000,2818.481678
2191.124713,1000,2820.604383
232.88448,117,2821.342004
842.458807,371,2822.140396
864.670113,431,2823.054091
235.376372,127,2828.735385
2314.357749,1000,2830.774774
57.692663,40,2831.345298
1324.112225,689,2832.789767
147.082123,84,2832.966551
2096.760319,1000,2842.697236
2052.50824,1000,2845.252044
1086.463039,1000,2847.840219
589.98454,337,2853.321683
2089.493747,1000,2855.750746
984.856016,474,2856.758051
2066.793227,1000,2864.96595
2178.402836,1000,2867.541128
1080.895398,472,2868.421027
2270.926419,1000,2878.719187
102.435436,64,2878.855046
1221.796459,1000,2881.436231
262.172093,129,2882.166726
1029.249836,483,2883.179308
963.283617,1000,2893.328319
2188.61281,1000,2895.909811
2180.694036,1000,2898.352799
2097.696191,1000,2907.500782
1883.795129,888,2909.848898
644.262202,328,2910.532421
603.397221,313,2911.183735
2082.100019,1000,2920.255795
345.71259,176,2921.120559
2039.607538,1000,2923.751509
2105.206542,1000,2934.217507
2038.057126,1000,2936.325115
380.539362,187,2937.215247
1325.562191,680,2938.644061
947.167868,510,2947.935179
1989.288025,866,2950.27605
2028.209845,1000,2952.881822
2157.828215,1000,2962.031079
2164.510463,1000,2964.652061
587.587193,300,2965.285093
609.530998,314,2965.94467
2127.497864,1000,2975.856276
1112.260281,538,2977.461811
772.370763,1000,2980.04249
1912.000935,1000,2988.202137
2267.41803,1000,2990.792486
1272.076295,619,2998.936446
707.291065,359,3000.18136
1013.690251,1000,3002.727278
1456.411896,704,3004.165813
236.526886,112,3004.416022
2149.019309,1000,3013.538556
2146.585175,1000,3016.11787
25.591623,16,3016.147624
439.935684,234,3017.098542
687.07542,1000,3025.966319
295.822899,148,3026.279469
2180.032919,1000,3028.870134
698.329964,1000,3035.756952
1009.855845,463,3036.647606
2129.342736,1000,3039.262121
191.352266,114,3039.503385
2150.012953,1000,3049.374797
879.077959,1000,3051.862852
1276.89176,724,3053.773385
1950.835633,913,3064.34528
93.128399,66,3064.471522
283.061826,157,3064.768752
2103.64003,1000,3067.297551
1196.037904,521,3068.287445
2184.643475,971,3077.116633
1452.955314,620,3078.888107
1283.288642,646,3080.716509
2139.504394,949,3087.855426
272.308655,144,3088.160057
471.157214,180,3088.536627
16.409239,16,3088.570685
2234.55946,1000,3091.187509
1679.659598,810,3093.391897
2203.394888,1000,3103.313646
839.059102,1000,3105.923267
618.860601,343,3106.647332
655.59353,327,3113.55629
630.089273,282,3114.549069
1934.314285,954,3116.55611
2072.192245,1000,3119.182889
657.251683,325,3126.607846
2308.776785,1000,3129.113941
2013.45068,1000,3131.647186
2205.865489,1000,3141.696096
611.987528,368,3142.412929
1966.645594,1000,3144.899892
1591.122592,1000,3155.016837
2370.895152,1000,3157.509423
1176.162895,621,3159.322232
163.595621,83,3159.484122
1957.391844,1000,3167.412565
2117.778063,1000,3170.107735
15.603537,15,3170.141387
25.457088,18,3170.177384
1464.136919,723,3171.608966
195.595414,86,3177.83114
544.694823,335,3179.028979
2054.723097,1000,3181.629065
774.128955,401,3182.487007
1509.504049,646,3184.351534
2096.792982,1000,3193.976119
1791.864162,812,3196.190096
505.775234,230,3196.676571
350.12161,162,3197.019177
912.029883,430,3202.868133
877.537996,423,3204.269452
2119.591326,1000,3206.769336
2220.958811,1000,3215.258603
1639.309856,687,3216.680989
41.184309,24,3216.726543
65.15406,33,3216.787897
1119.244704,553,3218.374882
82.233336,76,3218.542785
2094.338531,1000,3221.047009
1323.89264,629,3228.219188
1550.625307,709,3229.713904
933.879509,397,3231.050623
457.269002,221,3231.471117
573.199273,252,3232.042004
480.4911,207,3232.461766
424.491387,203,3238.430162
626.757872,258,3238.977026
791.717371,1000,3241.609932
1606.922107,756,3243.720011
1462.238521,628,3250.051218
1856.959446,1000,3252.552802
1309.173874,575,3254.222402
2140.650703,1000,3262.71171
1554.677712,760,3264.260994
481.910414,204,3265.15584
1399.99211,634,3266.500756
2111.512788,1000,3274.795418
1036.024489,495,3276.332935
2156.58197,1000,3278.906203
2317.138358,1000,3286.103202
1737.604431,845,3287.902626
1171.018823,562,3289.587974
2098.801032,1000,3297.726398
1800.273901,901,3300.142008
434.651107,183,3300.526568
1779.338115,912,3303.099616
2137.45139,1000,3312.651208
158.613354,71,3312.793127
79.59809,36,3312.860239
1172.50881,1000,3315.483571
1437.591607,700,3323.173751
149.014338,93,3323.370352
501.61488,237,3323.84221
1134.084737,1000,3326.480472
35.161513,32,3326.5443
2233.881125,1000,3329.241514
1672.951244,1000,3338.98015
1663.412578,766,3340.967427
1437.230957,1000,3349.046861
737.785233,302,3349.687263
169.76065,80,3349.85609
1.406213,15,3349.888187
84.364411,44,3349.982254
805.831767,399,3351.315082
592.256552,276,3351.894769
1203.819927,658,3353.221181
940.587289,426,3354.56721
15.464611,15,3354.603903
603.525377,312,3359.524939
92.146726,67,3359.666128
2076.51513,1000,3362.388712
16.199298,14,3362.418584
127.241476,73,3362.571954
1613.546235,742,3364.705838
2113.0566,1000,3373.953247
823.173619,1000,3376.61412
879.039223,424,3377.513081
2069.101066,1000,3386.304934
2279.343923,1000,3388.832299
454.989157,227,3389.761268
2177.588491,1000,3398.655617
818.991333,361,3399.422039
2057.834414,1000,3402.035705
2214.403075,1000,3408.99676
813.940428,417,3409.906388
241.114869,101,3410.130169
2184.08143,1000,3412.95039
406.992781,200,3413.913963
2105.222782,1000,3420.12714
2151.85379,1000,3423.026048
80.549078,40,3423.819447
1104.280801,1000,3426.025647
2164.113696,1000,3435.760612
81.207424,36,3435.830452
739.949115,1000,3438.637729
537.151818,244,3439.716388
981.673172,1000,3448.428655
150.9531,84,3448.587308
2120.557434,1000,3451.194419
1657.25867,686,3452.633937
295.886908,137,3460.363282
1079.721961,493,3461.326397
1508.367377,1000,3464.021137
246.047157,108,3464.255983
353.097556,161,3464.659221
414.603988,177,3465.006763
1205.985029,558,3472.743608
2123.75499,1000,3475.392695
749.989331,344,3476.181621
883.105867,1000,3478.742286
889.547525,1000,3486.937407
889.085912,435,3488.493967
710.449703,312,3489.212663
365.808253,206,3489.663727
2226.724017,965,3496.475525
1119.756833,502,3498.214305
780.042869,401,3499.092133
1494.766545,769,3501.394163
2053.734464,1000,3511.621479
183.430865,106,3511.840587
2082.652299,1000,3514.795495
1278.426413,614,3516.383909
8.804776,14,3516.433845
2412.781057,1000,3523.376617
1366.377375,1000,3526.004314
972.361504,452,3527.788224
1604.348686,760,3533.194941
1059.220634,500,3534.356665
694.98988,325,3535.072302
1678.93559,1000,3537.718503
480.809377,219,3538.692107
2092.287098,1000,3546.111649
2144.492033,1000,3548.881497
2144.582985,1000,3558.119134
1042.449377,1000,3560.758085
309.680415,143,3561.629109
882.53362,1000,3570.948652
1558.29178,673,3572.434923
730.173122,353,3573.630175
302.149804,158,3573.952894
238.225557,140,3574.286062
2210.807593,1000,3577.008981
817.874462,421,3584.9665
